time ms,FSR force,trigger to gripper cmd,Max Int val,Trigger raw Value,UP Button,DOWN Button,Gripper Position,Gripper Velocity,Robot In Initial Pos,User ID: 1,ON,trial num: 6
106,0,19.0,23,0,False,False,18.997859954833984,5.877471754111438e-39
155,0,19.0,23,0,False,False,18.997859954833984,5.877471754111438e-39
200,0,19.0,23,0,False,False,18.997665405273438,5.877471754111438e-39
249,13,19.0,23,0,False,False,18.997665405273438,5.877471754111438e-39
298,0,19.0,23,0,False,False,18.99706268310547,5.877471754111438e-39
343,0,19.0,23,0,False,False,18.99706268310547,5.877471754111438e-39
393,0,19.0,23,0,False,False,18.99886703491211,5.877471754111438e-39
437,0,19.0,23,0,False,False,18.99886703491211,5.877471754111438e-39
487,0,19.0,23,0,False,False,18.998640060424805,5.877471754111438e-39
532,0,19.0,23,0,False,False,18.998640060424805,5.877471754111438e-39
581,0,19.0,23,0,False,False,18.998809814453125,5.877471754111438e-39
630,0,19.0,23,0,False,False,18.998809814453125,5.877471754111438e-39
675,0,19.0,23,0,False,False,18.998355865478516,5.877471754111438e-39
724,0,19.0,23,0,False,False,18.998355865478516,5.877471754111438e-39
769,2,19.0,23,0,False,False,18.998355865478516,5.877471754111438e-39
819,0,19.0,23,0,False,False,18.998355865478516,5.877471754111438e-39
863,0,19.0,23,0,False,False,18.997817993164062,5.877471754111438e-39
913,0,19.0,23,0,False,False,18.997817993164062,5.877471754111438e-39
962,0,19.0,23,0,False,False,18.997745513916016,5.877471754111438e-39
1007,0,19.0,23,0,False,False,18.997745513916016,5.877471754111438e-39
1056,0,19.0,23,0,False,False,18.997745513916016,5.877471754111438e-39
1101,0,19.0,23,0,False,False,18.99920654296875,5.877471754111438e-39
1150,0,19.0,23,0,False,False,18.99920654296875,5.877471754111438e-39
1195,0,19.0,23,0,False,False,18.997583389282227,5.877471754111438e-39
1244,0,19.0,23,0,False,False,18.997583389282227,5.877471754111438e-39
1294,0,19.0,23,0,False,False,18.998388290405273,5.877471754111438e-39
1339,0,19.0,23,0,False,False,18.998388290405273,5.877471754111438e-39
1388,1,19.0,23,0,False,False,18.997817993164062,5.877471754111438e-39
1433,0,19.0,23,0,False,False,18.997817993164062,5.877471754111438e-39
1482,0,19.0,23,0,False,False,18.99753761291504,5.877471754111438e-39
1527,0,19.0,23,0,False,False,18.99753761291504,5.877471754111438e-39
1576,0,19.0,23,0,False,False,18.997631072998047,5.877471754111438e-39
1625,0,19.0,23,0,False,False,18.997631072998047,5.877471754111438e-39
1670,2,19.0,23,0,False,False,18.996252059936523,5.877471754111438e-39
1723,0,19.0,23,0,False,False,18.996252059936523,5.877471754111438e-39
1765,1,19.0,23,0,False,False,18.996252059936523,5.877471754111438e-39
1814,0,19.0,23,0,False,False,18.9984188079834,3.961408125713217e+28
1863,0,19.0,23,0,False,False,18.9984188079834,3.961408125713217e+28
1908,0,19.0,23,0,False,False,18.9984188079834,3.961408125713217e+28
1957,0,19.0,23,0,False,False,18.9984188079834,3.961408125713217e+28
2002,0,19.0,23,0,False,False,18.997451782226562,5.877471754111438e-39
2051,0,19.0,23,0,False,False,18.997451782226562,5.877471754111438e-39
2096,0,19.0,23,0,False,False,18.99796485900879,5.877471754111438e-39
2145,0,19.0,23,0,False,False,18.99796485900879,5.877471754111438e-39
2195,0,19.0,23,0,False,False,18.99827003479004,5.877471754111438e-39
2240,0,19.0,23,0,False,False,18.99827003479004,5.877471754111438e-39
2289,0,19.0,23,0,False,False,18.996685028076172,5.877471754111438e-39
2334,0,19.0,23,0,False,False,18.996685028076172,5.877471754111438e-39
2383,0,19.0,23,0,False,False,18.9990291595459,5.877471754111438e-39
2428,0,19.0,23,0,False,False,18.9990291595459,5.877471754111438e-39
2477,0,19.0,23,0,False,False,18.997873306274414,5.877471754111438e-39
2526,0,19.0,23,0,False,False,18.997873306274414,5.877471754111438e-39
2571,0,19.0,23,0,False,False,18.9975643157959,5.877471754111438e-39
2620,89,19.0,23,0,False,False,18.9975643157959,5.877471754111438e-39
2666,0,19.0,23,0,False,False,18.9975643157959,5.877471754111438e-39
2715,0,19.0,23,0,False,False,18.998275756835938,5.877471754111438e-39
2760,0,19.0,23,0,False,False,18.998275756835938,5.877471754111438e-39
2809,0,19.0,23,0,False,False,18.997589111328125,5.877471754111438e-39
2858,0,19.0,23,0,False,False,18.997589111328125,5.877471754111438e-39
2903,0,19.0,23,0,False,False,18.998491287231445,5.877471754111438e-39
2952,0,18.717647552490234,23,4,False,False,18.998491287231445,5.877471754111438e-39
2997,0,18.647058486938477,23,5,False,False,18.99783706665039,5.877471754111438e-39
3047,0,18.505882263183594,23,7,False,False,18.99783706665039,5.877471754111438e-39
3092,0,18.505882263183594,23,7,False,False,18.997966766357422,5.877471754111438e-39
3141,3,18.294116973876953,23,10,False,False,18.997966766357422,5.877471754111438e-39
3190,0,18.223529815673828,23,11,False,False,18.99750328063965,5.877471754111438e-39
3235,0,18.223529815673828,23,11,False,False,18.99750328063965,5.877471754111438e-39
3284,0,18.082353591918945,23,13,False,False,18.738357543945312,-2.7308642864227295
3329,11,17.941177368164062,23,15,False,False,18.738357543945312,-2.7308642864227295
3378,0,17.870588302612305,23,16,False,False,18.522775650024414,-3.3409767150878906
3424,0,17.870588302612305,23,16,False,False,18.522775650024414,-3.3409767150878906
3473,0,17.658823013305664,23,19,False,False,18.522775650024414,-3.3409767150878906
3522,0,17.023529052734375,23,28,False,False,18.308568954467773,-3.821931838989258
3567,0,17.023529052734375,23,28,False,False,18.308568954467773,-3.821931838989258
3616,0,15.752941131591797,23,46,False,False,18.096439361572266,-3.3132660388946533
3661,0,15.611764907836914,23,48,False,False,18.096439361572266,-3.3132660388946533
3710,0,15.541176795959473,23,49,False,False,17.88640785217285,-5.012633800506592
3755,0,15.541176795959473,23,49,False,False,17.88640785217285,-5.012633800506592
3804,0,15.470588684082031,23,50,False,False,17.679931640625,-4.403665542602539
3853,0,15.399999618530273,23,51,False,False,17.679931640625,-4.403665542602539
3898,0,15.399999618530273,23,51,False,False,17.556392669677734,-4.7035231590271
3948,0,15.329411506652832,23,52,False,False,17.556392669677734,-4.7035231590271
3993,0,15.329411506652832,23,52,False,False,16.899415969848633,-5.60824728012085
4042,0,15.329411506652832,23,52,False,False,16.899415969848633,-5.60824728012085
4087,0,15.329411506652832,23,52,False,False,16.26739501953125,-4.791377067565918
4136,0,15.329411506652832,23,52,False,False,16.26739501953125,-4.791377067565918
4185,0,15.25882339477539,23,53,False,False,15.654046058654785,-5.697007179260254
4239,0,15.25882339477539,23,53,False,False,15.654046058654785,-5.697007179260254
4280,0,15.25882339477539,23,53,False,False,15.356078147888184,-1.0376969575881958
4325,0,15.25882339477539,23,53,False,False,15.356078147888184,-1.0376969575881958
4374,0,15.25882339477539,23,53,False,False,15.356078147888184,-1.0376969575881958
4423,0,15.25882339477539,23,53,False,False,15.336865425109863,5.877471754111438e-39
4468,0,15.25882339477539,23,53,False,False,15.336865425109863,5.877471754111438e-39
4517,0,15.329411506652832,23,52,False,False,15.272294998168945,5.877471754111438e-39
4562,0,15.329411506652832,23,52,False,False,15.272294998168945,5.877471754111438e-39
4611,0,15.25882339477539,23,53,False,False,15.263143539428711,5.877471754111438e-39
4656,0,15.25882339477539,23,53,False,False,15.263143539428711,5.877471754111438e-39
4705,0,15.25882339477539,23,53,False,False,15.262815475463867,5.877471754111438e-39
4755,0,15.25882339477539,23,53,False,False,15.262815475463867,5.877471754111438e-39
4800,0,15.117647171020508,23,55,False,False,15.26196575164795,5.877471754111438e-39
4849,0,15.047059059143066,23,56,False,False,15.26196575164795,5.877471754111438e-39
4894,0,15.047059059143066,23,56,False,False,15.276893615722656,1.5942959785461426
4943,0,14.976470947265625,23,57,False,False,15.276893615722656,1.5942959785461426
4988,0,14.976470947265625,23,57,False,False,15.26707935333252,5.877471754111438e-39
5038,3,14.905881881713867,23,58,False,False,15.26707935333252,5.877471754111438e-39
5086,0,14.905881881713867,23,58,False,False,15.130633354187012,-1.7452976703643799
5131,0,14.905881881713867,23,58,False,False,15.130633354187012,-1.7452976703643799
5181,0,14.905881881713867,23,58,False,False,15.130633354187012,-1.7452976703643799
5225,0,14.905881881713867,23,58,False,False,15.055046081542969,5.877471754111438e-39
5274,0,14.905881881713867,23,58,False,False,15.055046081542969,5.877471754111438e-39
5319,0,14.835293769836426,23,59,False,False,14.984291076660156,5.877471754111438e-39
5369,0,14.835293769836426,23,59,False,False,14.984291076660156,5.877471754111438e-39
5418,0,14.764705657958984,23,60,False,False,14.913835525512695,5.877471754111438e-39
5463,0,14.764705657958984,23,60,False,False,14.913835525512695,5.877471754111438e-39
5512,0,14.764705657958984,23,60,False,False,14.910677909851074,5.877471754111438e-39
5557,0,14.764705657958984,23,60,False,False,14.910677909851074,5.877471754111438e-39
5606,0,14.764705657958984,23,60,False,False,14.910420417785645,5.877471754111438e-39
5652,1,14.694117546081543,23,61,False,False,14.910420417785645,5.877471754111438e-39
5701,0,14.694117546081543,23,61,False,False,14.775349617004395,5.877471754111438e-39
5750,0,14.694117546081543,23,61,False,False,14.775349617004395,5.877471754111438e-39
5795,0,14.694117546081543,23,61,False,False,14.769769668579102,5.877471754111438e-39
5844,9,14.694117546081543,23,61,False,False,14.769769668579102,5.877471754111438e-39
5889,12,14.694117546081543,23,61,False,False,14.771130561828613,5.877471754111438e-39
5938,0,14.623529434204102,23,62,False,False,14.771130561828613,5.877471754111438e-39
5983,1,14.623529434204102,23,62,False,False,14.771130561828613,5.877471754111438e-39
6032,0,14.623529434204102,23,62,False,False,14.69470500946045,5.877471754111438e-39
6082,0,14.55294132232666,23,63,False,False,14.69470500946045,5.877471754111438e-39
6127,0,14.55294132232666,23,63,False,False,14.69532585144043,5.877471754111438e-39
6176,0,14.482353210449219,23,64,False,False,14.69532585144043,5.877471754111438e-39
6221,0,14.482353210449219,23,64,False,False,14.702407836914062,5.877471754111438e-39
6270,0,14.482353210449219,23,64,False,False,14.702407836914062,5.877471754111438e-39
6319,0,13.988235473632812,23,71,False,False,14.623806953430176,5.877471754111438e-39
6364,0,13.988235473632812,23,71,False,False,14.623806953430176,5.877471754111438e-39
6414,0,13.917647361755371,23,72,False,False,14.554070472717285,5.877471754111438e-39
6459,0,13.917647361755371,23,72,False,False,14.554070472717285,5.877471754111438e-39
6507,0,13.917647361755371,23,72,False,False,14.554070472717285,5.877471754111438e-39
6552,0,13.917647361755371,23,72,False,False,14.554070472717285,5.877471754111438e-39
6602,1,13.917647361755371,23,72,False,False,14.497912406921387,5.877471754111438e-39
6651,0,13.84705924987793,23,73,False,False,14.497912406921387,5.877471754111438e-39
6696,0,13.84705924987793,23,73,False,False,14.484466552734375,5.877471754111438e-39
6750,0,13.84705924987793,23,73,False,False,14.484466552734375,5.877471754111438e-39
6790,0,13.84705924987793,23,73,False,False,14.484466552734375,5.877471754111438e-39
6839,0,13.776470184326172,23,74,False,False,13.932249069213867,5.877471754111438e-39
6884,0,13.776470184326172,23,74,False,False,13.932249069213867,5.877471754111438e-39
6933,0,13.635293960571289,23,76,False,False,13.923233032226562,5.877471754111438e-39
6983,0,13.564705848693848,23,77,False,False,13.923233032226562,5.877471754111438e-39
7027,0,13.564705848693848,23,77,False,False,13.856751441955566,5.877471754111438e-39
7077,0,13.564705848693848,23,77,False,False,13.856751441955566,5.877471754111438e-39
7122,0,13.564705848693848,23,77,False,False,13.8485746383667,5.877471754111438e-39
7171,0,13.564705848693848,23,77,False,False,13.8485746383667,5.877471754111438e-39
7216,0,13.564705848693848,23,77,False,False,13.788686752319336,5.877471754111438e-39
7265,0,13.564705848693848,23,77,False,False,13.788686752319336,5.877471754111438e-39
7314,0,13.494117736816406,23,78,False,False,13.576086044311523,5.877471754111438e-39
7359,0,13.494117736816406,23,78,False,False,13.576086044311523,5.877471754111438e-39
7409,0,13.423529624938965,23,79,False,False,13.587203025817871,2.359273910522461
7454,0,13.282353401184082,23,81,False,False,13.587203025817871,2.359273910522461
7503,0,13.211764335632324,23,82,False,False,13.573922157287598,5.877471754111438e-39
7548,12,13.211764335632324,23,82,False,False,13.573922157287598,5.877471754111438e-39
7597,0,13.211764335632324,23,82,False,False,13.566158294677734,5.877471754111438e-39
7646,0,13.141176223754883,23,83,False,False,13.566158294677734,5.877471754111438e-39
7691,0,13.141176223754883,23,83,False,False,13.566158294677734,5.877471754111438e-39
7740,0,13.141176223754883,23,83,False,False,13.442778587341309,-2.6114838123321533
7786,0,13.141176223754883,23,83,False,False,13.442778587341309,-2.6114838123321533
7834,0,13.070588111877441,23,84,False,False,13.296009063720703,-3.2349987030029297
7883,0,13.070588111877441,23,84,False,False,13.296009063720703,-3.2349987030029297
7929,7,13.070588111877441,23,84,False,False,13.2260160446167,-2.98469614982605
7978,77,13.070588111877441,23,84,False,False,13.2260160446167,-2.98469614982605
8023,130,13.070588111877441,23,84,False,False,13.1609468460083,-2.5375092029571533
8072,634,13.070588111877441,23,84,False,False,13.1609468460083,-2.5375092029571533
8117,710,13.070588111877441,23,84,False,False,13.147347450256348,5.877471754111438e-39
8167,729,13.070588111877441,23,84,False,False,13.147347450256348,5.877471754111438e-39
8216,741,13.070588111877441,23,84,False,False,13.092142105102539,-2.1224210262298584
8261,756,13.070588111877441,23,84,False,False,13.092142105102539,-2.1224210262298584
8310,762,13.070588111877441,23,84,False,False,13.077469825744629,5.877471754111438e-39
8355,766,13.070588111877441,23,84,False,False,13.077469825744629,5.877471754111438e-39
8404,769,13.070588111877441,23,84,False,False,13.076884269714355,5.877471754111438e-39
8453,774,13.070588111877441,23,84,False,False,13.076884269714355,5.877471754111438e-39
8498,776,13.0,23,85,True,False,13.076884269714355,5.877471754111438e-39
8547,779,13.0,23,85,True,False,13.077873229980469,5.877471754111438e-39
8596,781,13.070588111877441,23,84,True,False,13.077873229980469,5.877471754111438e-39
8641,781,13.070588111877441,23,84,False,False,13.076910972595215,5.877471754111438e-39
8691,816,13.070588111877441,23,84,False,False,13.076910972595215,5.877471754111438e-39
8736,824,13.070588111877441,23,84,False,False,13.079622268676758,5.877471754111438e-39
8785,799,13.070588111877441,23,84,False,False,13.079622268676758,5.877471754111438e-39
8834,796,13.070588111877441,23,84,False,False,13.017269134521484,5.877471754111438e-39
8879,796,13.070588111877441,23,84,False,False,13.017269134521484,5.877471754111438e-39
8928,796,13.070588111877441,23,84,False,False,13.061220169067383,5.877471754111438e-39
8977,796,13.070588111877441,23,84,False,False,13.061220169067383,5.877471754111438e-39
9023,797,13.070588111877441,23,84,False,False,13.068563461303711,5.877471754111438e-39
9071,797,13.070588111877441,23,84,False,False,13.068563461303711,5.877471754111438e-39
9121,798,13.070588111877441,23,84,False,False,13.068851470947266,5.877471754111438e-39
9166,798,13.070588111877441,23,84,False,False,13.068851470947266,5.877471754111438e-39
9215,799,13.070588111877441,23,84,False,False,13.064295768737793,5.877471754111438e-39
9270,799,13.070588111877441,23,84,False,False,13.064295768737793,5.877471754111438e-39
9309,800,13.070588111877441,23,84,False,False,13.068852424621582,5.877471754111438e-39
9358,800,13.070588111877441,23,84,False,False,13.068852424621582,5.877471754111438e-39
9407,801,13.070588111877441,23,84,False,False,13.068436622619629,5.877471754111438e-39
9452,802,13.070588111877441,23,84,False,False,13.068436622619629,5.877471754111438e-39
9501,802,13.070588111877441,23,84,False,False,13.068436622619629,5.877471754111438e-39
9547,802,13.070588111877441,23,84,False,False,13.069278717041016,5.877471754111438e-39
9596,802,13.070588111877441,23,84,False,False,13.069278717041016,5.877471754111438e-39
9645,803,13.070588111877441,23,84,False,False,13.06918716430664,5.877471754111438e-39
9690,804,13.070588111877441,23,84,False,False,13.06918716430664,5.877471754111438e-39
9739,804,13.070588111877441,23,84,False,False,13.069334983825684,5.877471754111438e-39
9788,805,13.070588111877441,23,84,False,False,13.069334983825684,5.877471754111438e-39
9833,805,13.070588111877441,23,84,False,False,13.070140838623047,5.877471754111438e-39
9882,805,13.070588111877441,23,84,False,False,13.070140838623047,5.877471754111438e-39
9931,806,13.070588111877441,23,84,False,False,13.068733215332031,5.877471754111438e-39
9977,799,13.070588111877441,23,84,False,False,13.068733215332031,5.877471754111438e-39
10026,807,13.070588111877441,23,84,False,False,13.068575859069824,5.877471754111438e-39
10075,807,13.070588111877441,23,84,False,False,13.068575859069824,5.877471754111438e-39
10120,808,13.070588111877441,23,84,False,False,13.069474220275879,5.877471754111438e-39
10169,808,13.070588111877441,23,84,False,False,13.069474220275879,5.877471754111438e-39
10214,809,13.070588111877441,23,84,False,False,13.067964553833008,5.877471754111438e-39
10263,809,13.070588111877441,23,84,False,False,13.067964553833008,5.877471754111438e-39
10312,811,13.070588111877441,23,84,False,False,13.07336139678955,5.877471754111438e-39
10358,811,13.070588111877441,23,84,False,False,13.07336139678955,5.877471754111438e-39
10407,812,13.070588111877441,23,84,False,False,13.07336139678955,5.877471754111438e-39
10456,811,13.070588111877441,23,84,False,False,13.068171501159668,5.877471754111438e-39
10501,812,13.070588111877441,23,84,False,False,13.068171501159668,5.877471754111438e-39
10550,812,13.070588111877441,23,84,False,False,13.067716598510742,5.877471754111438e-39
10599,812,13.070588111877441,23,84,False,False,13.067716598510742,5.877471754111438e-39
10644,812,13.070588111877441,23,84,False,False,13.07384204864502,5.877471754111438e-39
10694,812,13.070588111877441,23,84,False,False,13.07384204864502,5.877471754111438e-39
10742,812,13.070588111877441,23,84,False,False,13.068160057067871,5.877471754111438e-39
10788,813,13.070588111877441,23,84,False,False,13.068160057067871,5.877471754111438e-39
10837,813,13.070588111877441,23,84,False,False,13.072903633117676,5.877471754111438e-39
10882,813,13.070588111877441,23,84,False,False,13.072903633117676,5.877471754111438e-39
10931,813,13.070588111877441,23,84,False,False,13.067827224731445,5.877471754111438e-39
10980,814,13.070588111877441,23,84,False,False,13.067827224731445,5.877471754111438e-39
11025,813,13.070588111877441,23,84,False,False,13.068320274353027,5.877471754111438e-39
11075,814,13.070588111877441,23,84,False,False,13.068320274353027,5.877471754111438e-39
11123,814,13.070588111877441,23,84,False,False,13.068161010742188,5.877471754111438e-39
11169,814,13.070588111877441,23,84,False,False,13.068161010742188,5.877471754111438e-39
11218,815,13.070588111877441,23,84,False,False,13.068594932556152,31239981498368.0
11267,815,13.070588111877441,23,84,False,False,13.068594932556152,31239981498368.0
11312,815,13.070588111877441,23,84,False,False,13.068594932556152,31239981498368.0
11361,815,13.070588111877441,23,84,False,False,13.068594932556152,31239981498368.0
11410,815,13.070588111877441,23,84,False,False,13.068594932556152,31239981498368.0
11455,815,13.070588111877441,23,84,False,False,13.06911849975586,5.877471754111438e-39
11505,816,13.070588111877441,23,84,False,False,13.06911849975586,5.877471754111438e-39
11549,815,13.070588111877441,23,84,False,False,13.06967830657959,5.877471754111438e-39
11599,815,13.070588111877441,23,84,False,False,13.06967830657959,5.877471754111438e-39
11648,816,13.070588111877441,23,84,False,False,13.065494537353516,5.877471754111438e-39
11693,815,13.070588111877441,23,84,False,False,13.065494537353516,5.877471754111438e-39
11742,815,13.070588111877441,23,84,False,False,13.070269584655762,5.877471754111438e-39
11797,815,13.070588111877441,23,84,False,False,13.070269584655762,5.877471754111438e-39
11836,815,13.070588111877441,23,84,False,False,13.06877326965332,5.877471754111438e-39
11885,816,13.070588111877441,23,84,False,False,13.06877326965332,5.877471754111438e-39
11934,816,13.070588111877441,23,84,False,False,13.069633483886719,5.877471754111438e-39
11979,816,13.070588111877441,23,84,False,False,13.069633483886719,5.877471754111438e-39
12029,816,13.070588111877441,23,84,False,False,13.069574356079102,5.877471754111438e-39
12078,816,13.070588111877441,23,84,False,False,13.069574356079102,5.877471754111438e-39
12123,818,13.070588111877441,23,84,False,False,13.069618225097656,5.877471754111438e-39
12172,818,13.070588111877441,23,84,False,False,13.069618225097656,5.877471754111438e-39
12221,817,13.070588111877441,23,84,False,False,13.068943977355957,5.877471754111438e-39
12266,818,13.070588111877441,23,84,False,False,13.068943977355957,5.877471754111438e-39
12315,818,13.070588111877441,23,84,False,False,13.068943977355957,5.877471754111438e-39
12364,818,13.070588111877441,23,84,False,False,13.06932544708252,5.877471754111438e-39
12409,818,13.070588111877441,23,84,False,False,13.06932544708252,5.877471754111438e-39
12459,818,13.070588111877441,23,84,False,False,13.069769859313965,5.877471754111438e-39
12504,818,13.070588111877441,23,84,False,False,13.069769859313965,5.877471754111438e-39
12553,819,13.070588111877441,23,84,False,False,13.069175720214844,5.877471754111438e-39
12602,819,13.070588111877441,23,84,False,False,13.069175720214844,5.877471754111438e-39
12647,819,13.070588111877441,23,84,False,False,13.070269584655762,5.877471754111438e-39
12697,819,13.070588111877441,23,84,False,False,13.070269584655762,5.877471754111438e-39
12745,819,13.070588111877441,23,84,False,False,13.069947242736816,5.877471754111438e-39
12790,819,13.070588111877441,23,84,False,False,13.069947242736816,5.877471754111438e-39
12839,819,13.070588111877441,23,84,False,False,13.069352149963379,5.877471754111438e-39
12889,819,13.070588111877441,23,84,False,False,13.069352149963379,5.877471754111438e-39
12934,819,13.070588111877441,23,84,False,False,13.06986141204834,5.877471754111438e-39
12983,819,13.070588111877441,23,84,False,False,13.06986141204834,5.877471754111438e-39
13032,819,13.070588111877441,23,84,False,False,13.06979751586914,5.877471754111438e-39
13077,819,13.070588111877441,23,84,False,False,13.06979751586914,5.877471754111438e-39
13126,819,13.070588111877441,23,84,False,False,13.068653106689453,5.877471754111438e-39
13171,819,13.070588111877441,23,84,False,False,13.068653106689453,5.877471754111438e-39
13221,820,13.070588111877441,23,84,False,False,13.068653106689453,5.877471754111438e-39
13270,820,13.070588111877441,23,84,False,False,13.069738388061523,5.877471754111438e-39
13315,820,13.070588111877441,23,84,False,False,13.069738388061523,5.877471754111438e-39
13364,820,13.070588111877441,23,84,False,False,13.070741653442383,5.877471754111438e-39
13413,820,13.070588111877441,23,84,False,False,13.070741653442383,5.877471754111438e-39
13458,820,13.070588111877441,23,84,False,False,13.069342613220215,5.877471754111438e-39
13507,820,13.070588111877441,23,84,False,False,13.069342613220215,5.877471754111438e-39
13556,820,13.070588111877441,23,84,False,False,13.069214820861816,5.877471754111438e-39
13602,827,13.070588111877441,23,84,False,False,13.069214820861816,5.877471754111438e-39
13651,820,13.070588111877441,23,84,False,False,13.063974380493164,5.877471754111438e-39
13700,820,13.070588111877441,23,84,False,False,13.063974380493164,5.877471754111438e-39
13745,820,13.070588111877441,23,84,False,False,13.069798469543457,5.877471754111438e-39
13794,822,13.070588111877441,23,84,False,False,13.069798469543457,5.877471754111438e-39
13839,827,13.070588111877441,23,84,False,False,13.069578170776367,5.877471754111438e-39
13888,820,13.070588111877441,23,84,False,False,13.069578170776367,5.877471754111438e-39
13937,820,13.070588111877441,23,84,False,False,13.06973934173584,5.877471754111438e-39
13983,821,13.070588111877441,23,84,False,False,13.06973934173584,5.877471754111438e-39
14031,820,13.070588111877441,23,84,False,False,13.068601608276367,5.877471754111438e-39
14080,821,13.070588111877441,23,84,False,False,13.068601608276367,5.877471754111438e-39
14126,821,13.070588111877441,23,84,False,False,13.068601608276367,5.877471754111438e-39
14175,821,13.070588111877441,23,84,False,False,13.070215225219727,5.877471754111438e-39
14224,821,13.070588111877441,23,84,False,False,13.070215225219727,5.877471754111438e-39
14269,821,13.070588111877441,23,84,False,False,13.069195747375488,5.877471754111438e-39
14324,821,13.070588111877441,23,84,False,False,13.069195747375488,5.877471754111438e-39
14367,821,13.070588111877441,23,84,False,False,13.069503784179688,5.877471754111438e-39
14412,821,13.070588111877441,23,84,False,False,13.069503784179688,5.877471754111438e-39
14461,821,13.070588111877441,23,84,False,False,13.068177223205566,5.877471754111438e-39
14511,822,13.070588111877441,23,84,False,False,13.068177223205566,5.877471754111438e-39
14556,821,13.070588111877441,23,84,False,False,13.068620681762695,5.877471754111438e-39
14605,821,13.070588111877441,23,84,False,False,13.068620681762695,5.877471754111438e-39
14650,822,13.070588111877441,23,84,False,False,13.067935943603516,5.877471754111438e-39
14699,821,13.070588111877441,23,84,False,False,13.067935943603516,5.877471754111438e-39
14749,822,13.070588111877441,23,84,False,False,13.073137283325195,5.877471754111438e-39
14794,822,13.070588111877441,23,84,False,False,13.073137283325195,5.877471754111438e-39
14842,822,13.070588111877441,23,84,False,False,13.068660736083984,5.877471754111438e-39
14891,822,13.070588111877441,23,84,False,False,13.068660736083984,5.877471754111438e-39
14937,822,13.070588111877441,23,84,False,False,13.06865119934082,5.877471754111438e-39
14986,822,13.070588111877441,23,84,False,False,13.06865119934082,5.877471754111438e-39
15035,822,13.070588111877441,23,84,False,False,13.069661140441895,5.877471754111438e-39
15080,822,13.070588111877441,23,84,False,False,13.069661140441895,5.877471754111438e-39
15129,822,13.070588111877441,23,84,False,False,13.069661140441895,5.877471754111438e-39
15178,822,13.070588111877441,23,84,False,False,13.068382263183594,5.877471754111438e-39
15224,822,13.070588111877441,23,84,False,False,13.068382263183594,5.877471754111438e-39
15272,822,13.070588111877441,23,84,False,False,13.068663597106934,5.877471754111438e-39
15318,822,13.070588111877441,23,84,False,False,13.068663597106934,5.877471754111438e-39
15367,822,13.070588111877441,23,84,False,False,13.068150520324707,5.877471754111438e-39
15416,822,13.070588111877441,23,84,False,False,13.068150520324707,5.877471754111438e-39
15461,823,13.070588111877441,23,84,False,False,13.073299407958984,5.877471754111438e-39
15510,823,13.070588111877441,23,84,False,False,13.073299407958984,5.877471754111438e-39
15559,823,13.070588111877441,23,84,False,False,13.073844909667969,5.877471754111438e-39
15604,823,13.070588111877441,23,84,False,False,13.073844909667969,5.877471754111438e-39
15654,823,13.070588111877441,23,84,False,False,13.070055961608887,5.877471754111438e-39
15702,823,13.070588111877441,23,84,False,False,13.070055961608887,5.877471754111438e-39
15748,823,13.070588111877441,23,84,False,False,13.069687843322754,5.877471754111438e-39
15797,823,13.070588111877441,23,84,False,False,13.069687843322754,5.877471754111438e-39
15846,823,13.070588111877441,23,84,False,False,13.070040702819824,5.877471754111438e-39
15891,826,13.070588111877441,23,84,False,False,13.070040702819824,5.877471754111438e-39
15940,823,13.070588111877441,23,84,False,False,13.069942474365234,5.877471754111438e-39
15985,823,13.070588111877441,23,84,False,False,13.069942474365234,5.877471754111438e-39
16035,823,13.070588111877441,23,84,False,False,13.069942474365234,5.877471754111438e-39
16084,823,13.070588111877441,23,84,False,False,13.069942474365234,5.877471754111438e-39
16129,823,13.070588111877441,23,84,False,False,13.069942474365234,5.877471754111438e-39
16178,844,13.070588111877441,23,84,False,False,13.070135116577148,5.877471754111438e-39
16227,823,13.070588111877441,23,84,False,False,13.070135116577148,5.877471754111438e-39
16272,823,13.070588111877441,23,84,False,False,13.070770263671875,5.877471754111438e-39
16321,823,13.070588111877441,23,84,False,False,13.070770263671875,5.877471754111438e-39
16370,823,13.070588111877441,23,84,False,False,13.069294929504395,5.877471754111438e-39
16415,823,13.070588111877441,23,84,False,False,13.069294929504395,5.877471754111438e-39
16464,823,13.070588111877441,23,84,False,False,13.07033634185791,5.877471754111438e-39
16514,824,13.070588111877441,23,84,False,False,13.07033634185791,5.877471754111438e-39
16559,824,13.070588111877441,23,84,False,False,13.070423126220703,5.877471754111438e-39
16608,823,13.070588111877441,23,84,False,False,13.070423126220703,5.877471754111438e-39
16653,824,13.070588111877441,23,84,False,False,13.069931983947754,5.877471754111438e-39
16702,824,13.070588111877441,23,84,False,False,13.069931983947754,5.877471754111438e-39
16751,824,13.070588111877441,23,84,False,False,13.06975269317627,5.877471754111438e-39
16796,824,13.070588111877441,23,84,False,False,13.06975269317627,5.877471754111438e-39
16851,824,13.070588111877441,23,84,False,False,13.069738388061523,5.877471754111438e-39
16895,824,13.070588111877441,23,84,False,False,13.069738388061523,5.877471754111438e-39
16940,824,13.070588111877441,23,84,False,False,13.069738388061523,5.877471754111438e-39
16989,824,13.070588111877441,23,84,False,True,13.065855026245117,5.877471754111438e-39
17038,824,13.070588111877441,23,84,False,True,13.065855026245117,5.877471754111438e-39
17083,823,13.070588111877441,23,84,False,True,13.070192337036133,5.877471754111438e-39
17132,824,13.070588111877441,23,84,False,True,13.070192337036133,5.877471754111438e-39
17181,824,13.070588111877441,23,84,False,False,13.069483757019043,5.877471754111438e-39
17226,823,13.070588111877441,23,84,False,False,13.069483757019043,5.877471754111438e-39
17275,824,13.070588111877441,23,84,False,False,13.069316864013672,5.877471754111438e-39
17325,824,13.070588111877441,23,84,False,False,13.069316864013672,5.877471754111438e-39
17370,824,13.070588111877441,23,84,False,False,13.069849967956543,5.877471754111438e-39
17419,823,13.070588111877441,23,84,False,False,13.069849967956543,5.877471754111438e-39
17468,824,13.070588111877441,23,84,False,False,13.064745903015137,5.877471754111438e-39
17513,824,13.070588111877441,23,84,False,False,13.064745903015137,5.877471754111438e-39
17562,824,13.070588111877441,23,84,False,False,13.069448471069336,5.877471754111438e-39
17607,824,13.070588111877441,23,84,False,False,13.069448471069336,5.877471754111438e-39
17657,824,13.070588111877441,23,84,False,False,13.07008171081543,5.877471754111438e-39
17705,824,13.070588111877441,23,84,False,False,13.07008171081543,5.877471754111438e-39
17751,823,13.070588111877441,23,84,False,False,13.070064544677734,5.877471754111438e-39
17800,825,13.070588111877441,23,84,False,False,13.070064544677734,5.877471754111438e-39
17849,825,13.070588111877441,23,84,False,False,13.070064544677734,5.877471754111438e-39
17894,825,13.070588111877441,23,84,False,False,13.069534301757812,5.877471754111438e-39
17943,824,13.070588111877441,23,84,False,False,13.069534301757812,5.877471754111438e-39
17992,825,13.070588111877441,23,84,False,False,13.06966781616211,5.877471754111438e-39
18037,825,13.070588111877441,23,84,False,False,13.06966781616211,5.877471754111438e-39
18087,825,13.070588111877441,23,84,False,False,13.06959342956543,5.877471754111438e-39
18135,824,13.070588111877441,23,84,False,False,13.06959342956543,5.877471754111438e-39
18180,825,13.070588111877441,23,84,False,False,13.070408821105957,5.877471754111438e-39
18230,825,13.070588111877441,23,84,False,False,13.070408821105957,5.877471754111438e-39
18275,825,13.070588111877441,23,84,False,False,13.069798469543457,5.877471754111438e-39
18324,824,13.070588111877441,23,84,False,False,13.069798469543457,5.877471754111438e-39
18373,825,13.070588111877441,23,84,False,False,13.069673538208008,5.877471754111438e-39
18418,825,13.070588111877441,23,84,False,False,13.069673538208008,5.877471754111438e-39
18468,832,13.070588111877441,23,84,False,False,13.069368362426758,5.877471754111438e-39
18516,825,13.070588111877441,23,84,False,False,13.069368362426758,5.877471754111438e-39
18561,824,13.070588111877441,23,84,False,False,13.07167911529541,5.877471754111438e-39
18610,825,13.070588111877441,23,84,False,False,13.07167911529541,5.877471754111438e-39
18660,825,13.070588111877441,23,84,False,False,13.069061279296875,5.877471754111438e-39
18705,825,13.070588111877441,23,84,False,False,13.069061279296875,5.877471754111438e-39
18754,812,13.070588111877441,23,84,False,False,13.069958686828613,5.877471754111438e-39
18803,825,13.070588111877441,23,84,False,False,13.069958686828613,5.877471754111438e-39
18848,825,13.070588111877441,23,84,False,False,13.069958686828613,5.877471754111438e-39
18898,825,13.070588111877441,23,84,False,False,13.065765380859375,5.877471754111438e-39
18943,825,13.070588111877441,23,84,False,False,13.065765380859375,5.877471754111438e-39
18991,825,13.070588111877441,23,84,False,False,13.070130348205566,5.877471754111438e-39
19040,825,13.070588111877441,23,84,False,False,13.070130348205566,5.877471754111438e-39
19086,825,13.070588111877441,23,84,False,False,13.068580627441406,5.877471754111438e-39
19135,825,13.070588111877441,23,84,False,False,13.068580627441406,5.877471754111438e-39
19184,825,13.070588111877441,23,84,False,False,13.072988510131836,5.877471754111438e-39
19229,825,13.070588111877441,23,84,False,False,13.072988510131836,5.877471754111438e-39
19278,825,13.070588111877441,23,84,False,False,13.068689346313477,5.877471754111438e-39
19328,824,13.070588111877441,23,84,False,False,13.068689346313477,5.877471754111438e-39
19381,822,13.070588111877441,23,84,False,False,13.068622589111328,5.877471754111438e-39
19422,825,13.070588111877441,23,84,False,False,13.068622589111328,5.877471754111438e-39
19471,826,13.070588111877441,23,84,False,False,13.068851470947266,5.877471754111438e-39
19516,826,13.070588111877441,23,84,False,False,13.068851470947266,5.877471754111438e-39
19565,826,13.070588111877441,23,84,False,False,13.069684982299805,5.877471754111438e-39
19614,825,13.070588111877441,23,84,False,False,13.069684982299805,5.877471754111438e-39
19659,825,13.070588111877441,23,84,False,False,13.073531150817871,5.877471754111438e-39
19708,826,13.070588111877441,23,84,False,False,13.073531150817871,5.877471754111438e-39
19753,826,13.070588111877441,23,84,False,False,13.073531150817871,5.877471754111438e-39
19803,826,13.070588111877441,23,84,False,False,13.06899356842041,5.877471754111438e-39
19852,826,13.070588111877441,23,84,False,False,13.06899356842041,5.877471754111438e-39
19897,826,13.070588111877441,23,84,False,False,13.068519592285156,5.877471754111438e-39
19946,826,13.070588111877441,23,84,False,False,13.068519592285156,5.877471754111438e-39
19995,825,13.070588111877441,23,84,False,False,13.070755958557129,5.877471754111438e-39
20040,826,13.070588111877441,23,84,False,False,13.070755958557129,5.877471754111438e-39
20089,826,13.070588111877441,23,84,False,False,13.070364952087402,5.877471754111438e-39
20138,826,13.070588111877441,23,84,False,False,13.070364952087402,5.877471754111438e-39
20183,827,13.070588111877441,23,84,False,False,13.06966781616211,5.877471754111438e-39
20233,827,13.070588111877441,23,84,False,False,13.06966781616211,5.877471754111438e-39
20282,827,13.070588111877441,23,84,False,False,13.069915771484375,5.877471754111438e-39
20327,827,13.070588111877441,23,84,False,False,13.069915771484375,5.877471754111438e-39
20376,827,13.070588111877441,23,84,False,False,13.070352554321289,5.877471754111438e-39
20421,814,13.070588111877441,23,84,False,False,13.070352554321289,5.877471754111438e-39
20470,827,13.070588111877441,23,84,False,False,13.070066452026367,5.877471754111438e-39
20519,827,13.070588111877441,23,84,False,False,13.070066452026367,5.877471754111438e-39
20564,827,13.070588111877441,23,84,False,False,13.070000648498535,5.877471754111438e-39
20614,827,13.070588111877441,23,84,False,True,13.070000648498535,5.877471754111438e-39
20662,825,13.070588111877441,23,84,False,True,13.070000648498535,5.877471754111438e-39
20708,828,13.070588111877441,23,84,False,True,13.069477081298828,5.877471754111438e-39
20757,827,13.070588111877441,23,84,False,True,13.069477081298828,5.877471754111438e-39
20806,827,13.070588111877441,23,84,False,False,13.070295333862305,5.877471754111438e-39
20851,827,13.070588111877441,23,84,False,False,13.070295333862305,5.877471754111438e-39
20900,828,13.070588111877441,23,84,False,False,13.070022583007812,5.877471754111438e-39
20950,827,13.070588111877441,23,84,False,False,13.070022583007812,5.877471754111438e-39
20994,827,13.070588111877441,23,84,False,False,13.070713996887207,5.877471754111438e-39
21043,827,13.070588111877441,23,84,False,False,13.070713996887207,5.877471754111438e-39
21089,827,13.070588111877441,23,84,False,False,13.070571899414062,3.961408125713217e+28
21138,827,13.070588111877441,23,84,False,False,13.070571899414062,3.961408125713217e+28
21187,827,13.070588111877441,23,84,False,False,13.070571899414062,3.961408125713217e+28
21232,827,13.070588111877441,23,84,False,False,13.070571899414062,3.961408125713217e+28
21281,827,13.070588111877441,23,84,False,False,13.069184303283691,5.877471754111438e-39
21330,828,13.070588111877441,23,84,False,False,13.069184303283691,5.877471754111438e-39
21375,827,13.070588111877441,23,84,False,False,13.069981575012207,5.877471754111438e-39
21425,827,13.070588111877441,23,84,False,False,13.069981575012207,5.877471754111438e-39
21474,827,13.070588111877441,23,84,False,False,13.070464134216309,5.877471754111438e-39
21519,817,13.070588111877441,23,84,False,False,13.070464134216309,5.877471754111438e-39
21568,827,13.070588111877441,23,84,False,False,13.070464134216309,5.877471754111438e-39
21617,827,13.070588111877441,23,84,False,False,13.070269584655762,5.877471754111438e-39
21662,828,13.070588111877441,23,84,False,False,13.070269584655762,5.877471754111438e-39
21711,827,13.070588111877441,23,84,False,False,13.069892883300781,5.877471754111438e-39
21756,828,13.070588111877441,23,84,False,False,13.069892883300781,5.877471754111438e-39
21805,828,13.070588111877441,23,84,False,False,13.06971549987793,5.877471754111438e-39
21855,827,13.070588111877441,23,84,False,False,13.06971549987793,5.877471754111438e-39
21909,827,13.070588111877441,23,84,False,False,13.066365242004395,5.877471754111438e-39
21949,828,13.070588111877441,23,84,False,False,13.066365242004395,5.877471754111438e-39
21998,828,13.070588111877441,23,84,False,False,13.069892883300781,5.877471754111438e-39
22043,828,13.070588111877441,23,84,False,False,13.069892883300781,5.877471754111438e-39
22092,828,13.070588111877441,23,84,False,False,13.069493293762207,5.877471754111438e-39
22141,830,13.070588111877441,23,84,False,False,13.069493293762207,5.877471754111438e-39
22186,828,13.070588111877441,23,84,False,False,13.069723129272461,5.877471754111438e-39
22235,828,13.070588111877441,23,84,False,False,13.069723129272461,5.877471754111438e-39
22285,828,13.070588111877441,23,84,False,False,13.070137977600098,5.877471754111438e-39
22330,828,13.070588111877441,23,84,False,False,13.070137977600098,5.877471754111438e-39
22379,829,13.070588111877441,23,84,False,False,13.069214820861816,5.877471754111438e-39
22428,833,13.070588111877441,23,84,False,False,13.069214820861816,5.877471754111438e-39
22473,828,13.070588111877441,23,84,False,False,13.069802284240723,5.877471754111438e-39
22522,828,13.070588111877441,23,84,False,False,13.069802284240723,5.877471754111438e-39
22571,828,13.070588111877441,23,84,False,False,13.069802284240723,5.877471754111438e-39
22616,828,13.070588111877441,23,84,False,False,13.070588111877441,5.877471754111438e-39
22665,829,13.070588111877441,23,84,False,False,13.070588111877441,5.877471754111438e-39
22711,830,13.070588111877441,23,84,False,False,13.069101333618164,5.877471754111438e-39
22760,829,13.070588111877441,23,84,False,False,13.069101333618164,5.877471754111438e-39
22809,828,13.070588111877441,23,84,False,False,13.069363594055176,5.877471754111438e-39
22854,829,13.070588111877441,23,84,False,False,13.069363594055176,5.877471754111438e-39
22903,828,13.070588111877441,23,84,False,False,13.069708824157715,5.877471754111438e-39
22952,828,13.070588111877441,23,84,False,False,13.069708824157715,5.877471754111438e-39
22998,828,13.070588111877441,23,84,False,False,13.065016746520996,5.877471754111438e-39
23047,828,13.070588111877441,23,84,False,False,13.065016746520996,5.877471754111438e-39
23096,828,13.070588111877441,23,84,False,False,13.069479942321777,5.877471754111438e-39
23141,828,13.070588111877441,23,84,False,False,13.069479942321777,5.877471754111438e-39
23190,828,13.070588111877441,23,84,False,False,13.069214820861816,5.877471754111438e-39
23239,828,13.070588111877441,23,84,False,False,13.069214820861816,5.877471754111438e-39
23284,828,13.070588111877441,23,84,False,False,13.069443702697754,5.877471754111438e-39
23333,828,13.070588111877441,23,84,False,False,13.069443702697754,5.877471754111438e-39
23378,828,13.070588111877441,23,84,False,False,13.069698333740234,5.877471754111438e-39
23428,828,13.070588111877441,23,84,False,False,13.069698333740234,5.877471754111438e-39
23476,828,13.070588111877441,23,84,False,False,13.069698333740234,5.877471754111438e-39
23522,828,13.070588111877441,23,84,False,False,13.068986892700195,5.877471754111438e-39
23571,828,13.070588111877441,23,84,False,False,13.068986892700195,5.877471754111438e-39
23620,828,13.070588111877441,23,84,False,False,13.07260799407959,5.877471754111438e-39
23665,828,13.070588111877441,23,84,False,False,13.07260799407959,5.877471754111438e-39
23714,828,13.070588111877441,23,84,False,False,13.069269180297852,5.877471754111438e-39
23763,828,13.070588111877441,23,84,False,False,13.069269180297852,5.877471754111438e-39
23808,828,13.070588111877441,23,84,False,False,13.069035530090332,5.877471754111438e-39
23857,826,13.070588111877441,23,84,False,False,13.069035530090332,5.877471754111438e-39
23906,828,13.070588111877441,23,84,False,False,13.068613052368164,5.877471754111438e-39
23951,828,13.070588111877441,23,84,False,False,13.068613052368164,5.877471754111438e-39
24001,828,13.070588111877441,23,84,False,False,13.068788528442383,5.877471754111438e-39
24046,828,13.070588111877441,23,84,False,False,13.068788528442383,5.877471754111438e-39
24095,828,13.070588111877441,23,84,False,False,13.069193840026855,5.877471754111438e-39
24144,829,13.070588111877441,23,84,False,False,13.069193840026855,5.877471754111438e-39
24189,828,13.070588111877441,23,84,False,False,13.068870544433594,5.877471754111438e-39
24238,828,13.070588111877441,23,84,False,False,13.068870544433594,5.877471754111438e-39
24287,829,13.070588111877441,23,84,False,False,13.069024085998535,5.877471754111438e-39
24333,829,13.070588111877441,23,84,False,False,13.069024085998535,5.877471754111438e-39
24382,829,13.070588111877441,23,84,False,False,13.069024085998535,5.877471754111438e-39
24436,829,13.070588111877441,23,84,False,False,13.067572593688965,5.877471754111438e-39
24476,829,13.070588111877441,23,84,False,False,13.067572593688965,5.877471754111438e-39
24525,846,13.070588111877441,23,84,False,False,13.070260047912598,5.877471754111438e-39
24575,829,13.070588111877441,23,84,False,False,13.070260047912598,5.877471754111438e-39
24619,829,13.070588111877441,23,84,False,False,13.069687843322754,5.877471754111438e-39
24668,829,13.070588111877441,23,84,False,False,13.069687843322754,5.877471754111438e-39
24718,828,13.070588111877441,23,84,False,False,13.067648887634277,5.877471754111438e-39
24763,831,13.070588111877441,23,84,False,False,13.067648887634277,5.877471754111438e-39
24812,829,13.070588111877441,23,84,False,False,13.069687843322754,5.877471754111438e-39
24861,829,13.070588111877441,23,84,False,False,13.069687843322754,5.877471754111438e-39
24906,829,13.070588111877441,23,84,False,False,13.070197105407715,5.877471754111438e-39
24955,829,13.070588111877441,23,84,False,False,13.070197105407715,5.877471754111438e-39
25000,830,13.070588111877441,23,84,False,False,13.069826126098633,5.877471754111438e-39
25049,830,13.070588111877441,23,84,False,False,13.069826126098633,5.877471754111438e-39
25098,830,13.070588111877441,23,84,False,False,13.070184707641602,5.877471754111438e-39
25144,830,13.070588111877441,23,84,False,False,13.070184707641602,5.877471754111438e-39
25193,830,13.070588111877441,23,84,False,False,13.063673973083496,5.877471754111438e-39
25242,830,13.070588111877441,23,84,False,False,13.063673973083496,5.877471754111438e-39
25287,830,13.070588111877441,23,84,False,False,13.069150924682617,5.877471754111438e-39
25336,831,13.070588111877441,23,84,False,False,13.069150924682617,5.877471754111438e-39
25385,835,13.070588111877441,23,84,False,False,13.069150924682617,5.877471754111438e-39
25430,831,13.070588111877441,23,84,False,False,13.069305419921875,5.877471754111438e-39
25480,832,13.070588111877441,23,84,False,False,13.069305419921875,5.877471754111438e-39
25528,833,13.070588111877441,23,84,False,False,13.070180892944336,5.877471754111438e-39
25574,833,13.070588111877441,23,84,False,False,13.070180892944336,5.877471754111438e-39
25623,833,13.070588111877441,23,84,False,False,13.067768096923828,5.877471754111438e-39
25668,833,13.070588111877441,23,84,False,False,13.067768096923828,5.877471754111438e-39
25717,834,13.070588111877441,23,84,False,False,13.069981575012207,5.877471754111438e-39
25766,833,13.070588111877441,23,84,False,False,13.069981575012207,5.877471754111438e-39
25811,833,13.070588111877441,23,84,False,False,13.070381164550781,5.877471754111438e-39
25860,834,19.0,23,0,False,False,13.070381164550781,5.877471754111438e-39
25909,833,19.0,23,0,False,False,13.071207046508789,5.877471754111438e-39
25955,834,19.0,23,0,False,False,13.071207046508789,5.877471754111438e-39
26004,834,19.0,23,0,False,False,13.071207046508789,5.877471754111438e-39
26053,718,19.0,23,0,False,False,13.071207046508789,5.877471754111438e-39
26098,0,19.0,23,0,False,False,13.068429946899414,5.877471754111438e-39
26147,0,19.0,23,0,False,False,13.068429946899414,5.877471754111438e-39
26192,0,19.0,23,0,False,False,13.070050239562988,5.877471754111438e-39
26241,0,19.0,23,0,False,False,13.070050239562988,5.877471754111438e-39
26286,0,19.0,23,0,False,False,13.070050239562988,5.877471754111438e-39
26335,0,19.0,23,0,False,False,13.728717803955078,5.877471754111438e-39
26385,0,19.0,23,0,False,False,13.728717803955078,5.877471754111438e-39
26430,0,19.0,23,0,False,False,14.362826347351074,5.877471754111438e-39
26479,0,19.0,23,0,False,False,14.362826347351074,5.877471754111438e-39
26524,0,19.0,23,0,False,False,15.001002311706543,5.877471754111438e-39
26573,0,19.0,23,0,False,False,15.001002311706543,5.877471754111438e-39
26618,0,19.0,23,0,False,False,15.653780937194824,5.877471754111438e-39
26670,0,19.0,23,0,False,False,15.653780937194824,5.877471754111438e-39
26716,0,19.0,23,0,False,False,16.28815460205078,5.877471754111438e-39
26761,0,19.0,23,0,False,False,16.28815460205078,5.877471754111438e-39
26810,0,19.0,23,0,False,False,16.902496337890625,-1.144533395767212
26855,0,19.0,23,0,False,False,16.902496337890625,-1.144533395767212
26904,0,19.0,23,0,False,False,17.553001403808594,5.877471754111438e-39
26959,0,19.0,23,0,False,False,17.553001403808594,5.877471754111438e-39
26999,0,19.0,23,0,False,False,18.204832077026367,5.877471754111438e-39
27048,0,19.0,23,0,False,False,18.204832077026367,5.877471754111438e-39
27093,0,19.0,23,0,False,False,18.204832077026367,5.877471754111438e-39
27142,0,19.0,23,0,False,False,18.977800369262695,5.877471754111438e-39
27187,0,19.0,23,0,False,False,18.977800369262695,5.877471754111438e-39
27236,0,19.0,23,0,False,False,18.990205764770508,5.877471754111438e-39
27285,0,19.0,23,0,False,False,18.990205764770508,5.877471754111438e-39
27331,0,19.0,23,0,False,False,18.99262046813965,5.877471754111438e-39
27380,0,19.0,23,0,False,False,18.99262046813965,5.877471754111438e-39
27425,0,19.0,23,0,False,False,18.993127822875977,5.877471754111438e-39
27474,0,19.0,23,0,False,False,18.993127822875977,5.877471754111438e-39
27519,0,19.0,23,0,False,False,18.993993759155273,5.877471754111438e-39
27568,2,19.0,23,0,False,False,18.993993759155273,5.877471754111438e-39
27617,0,19.0,23,0,False,False,18.994556427001953,5.877471754111438e-39
27663,0,19.0,23,0,False,False,18.994556427001953,5.877471754111438e-39
27712,0,19.0,23,0,False,False,18.992136001586914,5.877471754111438e-39
27757,0,19.0,23,0,False,False,18.992136001586914,5.877471754111438e-39
27806,0,19.0,23,0,False,False,18.994281768798828,5.877471754111438e-39
27851,0,19.0,23,0,False,False,18.994281768798828,5.877471754111438e-39
27900,0,19.0,23,0,False,False,18.994281768798828,5.877471754111438e-39
27949,0,19.0,23,0,False,False,18.993663787841797,5.877471754111438e-39
27994,0,19.0,23,0,False,False,18.993663787841797,5.877471754111438e-39
28044,0,19.0,23,0,False,False,18.994094848632812,5.877471754111438e-39
28088,0,19.0,23,0,False,False,18.994094848632812,5.877471754111438e-39
28137,0,19.0,23,0,False,False,18.995023727416992,5.877471754111438e-39
28187,0,19.0,23,0,False,False,18.995023727416992,5.877471754111438e-39
28232,0,19.0,23,0,False,False,18.994237899780273,5.877471754111438e-39
28281,0,19.0,23,0,False,False,18.994237899780273,5.877471754111438e-39
28326,0,19.0,23,0,False,False,18.996139526367188,5.877471754111438e-39
28375,0,19.0,23,0,False,False,18.996139526367188,5.877471754111438e-39
28420,0,19.0,23,0,False,False,18.99445152282715,5.877471754111438e-39
28470,0,19.0,23,0,False,False,18.99445152282715,5.877471754111438e-39
28518,0,19.0,23,0,False,False,18.993297576904297,5.877471754111438e-39
28563,0,19.0,23,0,False,False,18.993297576904297,5.877471754111438e-39
28613,0,19.0,23,0,False,False,18.99475860595703,5.877471754111438e-39
28658,0,19.0,23,0,False,False,18.99475860595703,5.877471754111438e-39
28707,0,19.0,23,0,False,False,18.994178771972656,5.877471754111438e-39
28752,0,19.0,23,0,False,False,18.994178771972656,5.877471754111438e-39
28801,0,19.0,23,0,False,False,18.994178771972656,5.877471754111438e-39
28850,0,19.0,23,0,False,False,18.99542999267578,5.877471754111438e-39
28895,0,19.0,23,0,False,False,18.99542999267578,5.877471754111438e-39
28944,5,19.0,23,0,False,False,18.994709014892578,5.877471754111438e-39
28990,2,19.0,23,0,False,False,18.994709014892578,5.877471754111438e-39
29039,0,19.0,23,0,False,False,18.995216369628906,5.877471754111438e-39
29084,0,19.0,23,0,False,False,18.995216369628906,5.877471754111438e-39
29133,0,19.0,23,0,False,False,18.995216369628906,5.877471754111438e-39
29182,0,19.0,23,0,False,False,18.995216369628906,5.877471754111438e-39
29227,0,19.0,23,0,False,False,18.99464988708496,5.877471754111438e-39
29276,0,19.0,23,0,False,False,18.99464988708496,5.877471754111438e-39
29321,0,19.0,23,0,False,False,18.994504928588867,5.877471754111438e-39
29370,0,19.0,23,0,False,False,18.994504928588867,5.877471754111438e-39
29415,0,19.0,23,0,False,False,18.994504928588867,5.877471754111438e-39
29471,0,19.0,23,0,False,False,18.994504928588867,5.877471754111438e-39
29514,0,19.0,23,0,False,False,18.993953704833984,5.877471754111438e-39
29559,0,19.0,23,0,False,False,18.993953704833984,5.877471754111438e-39
29608,0,19.0,23,0,False,False,18.993953704833984,5.877471754111438e-39
29653,0,19.0,23,0,False,False,18.995464324951172,5.877471754111438e-39
