time ms,FSR force,trigger to gripper cmd,Max Int val,Trigger raw Value,UP Button,DOWN Button,Gripper Position,Gripper Velocity,Robot In Initial Pos,User ID: 11,OFF,trial num: 8
74,0,19.0,49,0,False,False,18.997465133666992,5.877471754111438e-39
124,0,19.0,49,0,False,False,18.997465133666992,5.877471754111438e-39
169,0,19.0,49,0,False,False,18.997465133666992,5.877471754111438e-39
218,0,19.0,49,0,False,False,18.996719360351562,5.877471754111438e-39
263,0,19.0,49,0,False,False,18.996719360351562,5.877471754111438e-39
312,0,19.0,49,0,False,False,18.998048782348633,5.877471754111438e-39
357,14,19.0,49,0,False,False,18.998048782348633,5.877471754111438e-39
406,0,19.0,49,0,False,False,18.997922897338867,5.877471754111438e-39
455,0,19.0,49,0,False,False,18.997922897338867,5.877471754111438e-39
500,0,19.0,49,0,False,False,18.998003005981445,5.877471754111438e-39
549,0,19.0,49,0,False,False,18.998003005981445,5.877471754111438e-39
595,0,19.0,49,0,False,False,18.997873306274414,5.877471754111438e-39
644,0,19.0,49,0,False,False,18.997873306274414,5.877471754111438e-39
689,0,19.0,49,0,False,False,18.997114181518555,5.877471754111438e-39
738,0,19.0,49,0,False,False,18.997114181518555,5.877471754111438e-39
787,0,19.0,49,0,False,False,18.997203826904297,5.877471754111438e-39
832,1,19.0,49,0,False,False,18.997203826904297,5.877471754111438e-39
881,0,19.0,49,0,False,False,18.996889114379883,5.877471754111438e-39
926,0,19.0,49,0,False,False,18.996889114379883,5.877471754111438e-39
975,0,19.0,49,0,False,False,18.99652862548828,5.877471754111438e-39
1021,0,19.0,49,0,False,False,18.99652862548828,5.877471754111438e-39
1070,0,19.0,49,0,False,False,18.99652862548828,5.877471754111438e-39
1119,0,19.0,49,0,False,False,18.99640464782715,5.877471754111438e-39
1164,0,19.0,49,0,False,False,18.99640464782715,5.877471754111438e-39
1213,0,19.0,49,0,False,False,18.996891021728516,5.877471754111438e-39
1258,0,19.0,49,0,False,False,18.996891021728516,5.877471754111438e-39
1307,0,19.0,49,0,False,False,18.996191024780273,5.877471754111438e-39
1352,0,19.0,49,0,False,False,18.996191024780273,5.877471754111438e-39
1401,0,19.0,49,0,False,False,18.997697830200195,5.877471754111438e-39
1450,0,19.0,49,0,False,False,18.997697830200195,5.877471754111438e-39
1496,0,19.0,49,0,False,False,18.99799346923828,5.877471754111438e-39
1545,0,19.0,49,0,False,False,18.99799346923828,5.877471754111438e-39
1590,0,19.0,49,0,False,False,18.996829986572266,5.877471754111438e-39
1639,0,19.0,49,0,False,False,18.996829986572266,5.877471754111438e-39
1684,0,19.0,49,0,False,False,18.997434616088867,5.877471754111438e-39
1733,0,19.0,49,0,False,False,18.997434616088867,5.877471754111438e-39
1782,0,19.0,49,0,False,False,18.99835777282715,5.877471754111438e-39
1827,0,19.0,49,0,False,False,18.99835777282715,5.877471754111438e-39
1877,0,19.0,49,0,False,False,18.99835777282715,5.877471754111438e-39
1922,0,19.0,49,0,False,False,18.997182846069336,5.877471754111438e-39
1971,0,19.0,49,0,False,False,18.997182846069336,5.877471754111438e-39
2016,0,19.0,49,0,False,False,18.997692108154297,5.877471754111438e-39
2065,0,19.0,49,0,False,False,18.997692108154297,5.877471754111438e-39
2114,0,19.0,49,0,False,False,18.996929168701172,5.877471754111438e-39
2159,0,19.0,49,0,False,False,18.996929168701172,5.877471754111438e-39
2208,0,19.0,49,0,False,False,18.9974308013916,5.877471754111438e-39
2263,0,19.0,49,0,False,False,18.9974308013916,5.877471754111438e-39
2302,0,19.0,49,0,False,False,18.99806785583496,5.877471754111438e-39
2352,0,19.0,49,0,False,False,18.99806785583496,5.877471754111438e-39
2397,1,19.0,49,0,False,False,18.998212814331055,5.877471754111438e-39
2446,0,19.0,49,0,False,False,18.998212814331055,5.877471754111438e-39
2491,0,19.0,49,0,False,False,18.998857498168945,5.877471754111438e-39
2540,0,19.0,49,0,False,False,18.998857498168945,5.877471754111438e-39
2585,22,19.0,49,0,False,False,18.9981632232666,5.877471754111438e-39
2634,1,19.0,49,0,False,False,18.9981632232666,5.877471754111438e-39
2683,0,19.0,49,0,False,False,18.9981632232666,5.877471754111438e-39
2729,0,19.0,49,0,False,False,18.99846839904785,5.877471754111438e-39
2778,0,19.0,49,0,False,False,18.99846839904785,5.877471754111438e-39
2823,0,19.0,49,0,False,False,18.997480392456055,5.877471754111438e-39
2872,0,19.0,49,0,False,False,18.997480392456055,5.877471754111438e-39
2917,0,19.0,49,0,False,False,18.998008728027344,5.877471754111438e-39
2966,0,19.0,49,0,False,False,18.998008728027344,5.877471754111438e-39
3015,0,19.0,49,0,False,False,18.997846603393555,5.877471754111438e-39
3060,0,19.0,49,0,False,False,18.997846603393555,5.877471754111438e-39
3109,0,19.0,49,0,False,False,18.99855613708496,5.877471754111438e-39
3155,0,18.294116973876953,49,10,False,False,18.99855613708496,5.877471754111438e-39
3204,0,17.941177368164062,49,15,False,False,18.997833251953125,5.877471754111438e-39
3249,0,17.799999237060547,49,17,False,False,18.997833251953125,5.877471754111438e-39
3298,0,17.658823013305664,49,19,False,False,18.99846649169922,5.877471754111438e-39
3347,0,17.51764678955078,49,21,False,False,18.99846649169922,5.877471754111438e-39
3392,0,17.3764705657959,49,23,False,False,18.997350692749023,5.877471754111438e-39
3441,0,17.30588150024414,49,24,False,False,18.997350692749023,5.877471754111438e-39
3486,0,17.164705276489258,49,26,False,False,18.997350692749023,5.877471754111438e-39
3535,0,17.023529052734375,49,28,False,False,18.563405990600586,-11.015650749206543
3580,0,15.752941131591797,49,46,False,False,18.563405990600586,-11.015650749206543
3630,0,14.34117603302002,49,66,False,False,17.9320068359375,-8.79521656036377
3679,0,14.199999809265137,49,68,False,False,17.9320068359375,-8.79521656036377
3724,0,14.129411697387695,49,69,False,False,17.4459285736084,-5.6531758308410645
3773,0,14.058823585510254,49,70,False,False,17.4459285736084,-5.6531758308410645
3818,2,13.423529624938965,49,79,False,False,17.041160583496094,-4.449405193328857
3868,0,12.929411888122559,49,86,False,False,17.041160583496094,-4.449405193328857
3912,0,12.435294151306152,49,93,False,False,17.021392822265625,5.877471754111438e-39
3961,0,12.223529815673828,49,96,False,False,17.021392822265625,5.877471754111438e-39
4011,0,12.15294075012207,49,97,False,False,16.501718521118164,-10.886970520019531
4056,3,12.15294075012207,49,97,False,False,16.501718521118164,-10.886970520019531
4105,0,12.082352638244629,49,98,False,False,15.841924667358398,-11.092916488647461
4150,0,12.082352638244629,49,98,False,False,15.841924667358398,-11.092916488647461
4199,1,12.082352638244629,49,98,False,False,15.16240119934082,-12.758993148803711
4244,0,12.082352638244629,49,98,False,False,15.16240119934082,-12.758993148803711
4293,0,12.082352638244629,49,98,False,False,14.504185676574707,-11.60387134552002
4342,0,12.082352638244629,49,98,False,False,14.504185676574707,-11.60387134552002
4387,0,12.082352638244629,49,98,False,False,14.504185676574707,-11.60387134552002
4437,0,12.082352638244629,49,98,False,False,13.835678100585938,-11.703363418579102
4482,826,12.082352638244629,49,98,False,False,13.835678100585938,-11.703363418579102
4531,873,12.011764526367188,49,99,False,False,13.835678100585938,-11.703363418579102
4580,876,12.082352638244629,49,98,False,False,13.835678100585938,-11.703363418579102
4625,881,12.082352638244629,49,98,True,False,12.108731269836426,5.877471754111438e-39
4674,909,12.082352638244629,49,98,True,False,12.108731269836426,5.877471754111438e-39
4723,915,12.082352638244629,49,98,True,False,12.096773147583008,5.877471754111438e-39
4778,898,12.082352638244629,49,98,True,False,12.096773147583008,5.877471754111438e-39
4817,896,12.082352638244629,49,98,True,False,12.035295486450195,5.877471754111438e-39
4867,896,12.082352638244629,49,98,True,False,12.035295486450195,5.877471754111438e-39
4916,897,12.082352638244629,49,98,True,False,12.067898750305176,5.877471754111438e-39
4965,898,12.082352638244629,49,98,True,False,12.067898750305176,5.877471754111438e-39
5010,898,12.082352638244629,49,98,False,False,12.077234268188477,5.877471754111438e-39
5059,898,12.082352638244629,49,98,False,False,12.077234268188477,5.877471754111438e-39
5108,899,12.082352638244629,49,98,False,False,12.080168724060059,5.877471754111438e-39
5153,898,12.082352638244629,49,98,False,False,12.080168724060059,5.877471754111438e-39
5202,898,12.082352638244629,49,98,False,False,12.075813293457031,5.877471754111438e-39
5252,899,12.082352638244629,49,98,False,False,12.075813293457031,5.877471754111438e-39
5301,895,12.082352638244629,49,98,False,False,12.069260597229004,-1.1583648920059204
5346,894,12.082352638244629,49,98,False,False,12.069260597229004,-1.1583648920059204
5395,899,12.082352638244629,49,98,False,False,12.069260597229004,-1.1583648920059204
5445,899,12.082352638244629,49,98,False,False,12.079339027404785,5.877471754111438e-39
5493,899,12.082352638244629,49,98,False,False,12.079339027404785,5.877471754111438e-39
5538,899,12.082352638244629,49,98,False,False,12.080487251281738,5.877471754111438e-39
5587,899,12.082352638244629,49,98,False,False,12.080487251281738,5.877471754111438e-39
5637,900,12.082352638244629,49,98,False,False,12.081851959228516,5.877471754111438e-39
5682,899,12.082352638244629,49,98,False,False,12.081851959228516,5.877471754111438e-39
5731,900,12.082352638244629,49,98,False,False,12.08026123046875,5.877471754111438e-39
5780,900,12.082352638244629,49,98,False,False,12.08026123046875,5.877471754111438e-39
5829,900,12.082352638244629,49,98,False,False,12.06888198852539,-1.2312902212142944
5874,900,12.082352638244629,49,98,False,False,12.06888198852539,-1.2312902212142944
5923,899,12.082352638244629,49,98,False,False,12.08030891418457,5.877471754111438e-39
5973,900,12.082352638244629,49,98,False,False,12.08030891418457,5.877471754111438e-39
6017,900,12.082352638244629,49,98,False,False,12.079832077026367,5.877471754111438e-39
6067,900,12.082352638244629,49,98,False,False,12.079832077026367,5.877471754111438e-39
6116,900,12.082352638244629,49,98,False,False,12.073929786682129,5.877471754111438e-39
6165,900,12.082352638244629,49,98,False,False,12.073929786682129,5.877471754111438e-39
6210,900,12.082352638244629,49,98,False,False,12.073012351989746,5.877471754111438e-39
6259,901,12.082352638244629,49,98,False,False,12.073012351989746,5.877471754111438e-39
6308,901,12.082352638244629,49,98,False,False,12.078293800354004,5.877471754111438e-39
6354,901,12.082352638244629,49,98,False,False,12.078293800354004,5.877471754111438e-39
6402,901,12.082352638244629,49,98,False,False,12.078293800354004,5.877471754111438e-39
6452,901,12.082352638244629,49,98,False,False,12.078790664672852,5.877471754111438e-39
6501,901,12.082352638244629,49,98,False,False,12.078790664672852,5.877471754111438e-39
6546,901,12.082352638244629,49,98,False,False,12.078885078430176,5.877471754111438e-39
6595,901,12.082352638244629,49,98,False,False,12.078885078430176,5.877471754111438e-39
6644,901,12.082352638244629,49,98,False,False,12.079192161560059,5.877471754111438e-39
6689,901,12.082352638244629,49,98,False,False,12.079192161560059,5.877471754111438e-39
6739,901,12.082352638244629,49,98,False,False,12.0790433883667,5.877471754111438e-39
6788,900,12.082352638244629,49,98,False,False,12.0790433883667,5.877471754111438e-39
6837,901,12.082352638244629,49,98,False,False,12.078734397888184,5.877471754111438e-39
6882,901,12.082352638244629,49,98,False,False,12.078734397888184,5.877471754111438e-39
6931,901,12.082352638244629,49,98,False,False,12.078642845153809,5.877471754111438e-39
6980,901,12.082352638244629,49,98,False,False,12.078642845153809,5.877471754111438e-39
7025,901,12.082352638244629,49,98,False,False,12.078153610229492,5.877471754111438e-39
7074,901,12.082352638244629,49,98,False,False,12.078153610229492,5.877471754111438e-39
7124,901,12.082352638244629,49,98,False,False,12.078361511230469,5.877471754111438e-39
7173,901,12.082352638244629,49,98,False,False,12.078361511230469,5.877471754111438e-39
7218,901,12.082352638244629,49,98,False,False,12.078822135925293,5.877471754111438e-39
7267,901,12.082352638244629,49,98,False,False,12.078822135925293,5.877471754111438e-39
7322,901,12.082352638244629,49,98,False,False,12.077380180358887,5.877471754111438e-39
7365,901,12.082352638244629,49,98,False,False,12.077380180358887,5.877471754111438e-39
7410,901,12.082352638244629,49,98,False,False,12.088218688964844,1.1258370876312256
7460,898,12.082352638244629,49,98,False,False,12.088218688964844,1.1258370876312256
7508,901,12.082352638244629,49,98,False,False,12.088218688964844,1.1258370876312256
7554,901,12.082352638244629,49,98,False,False,12.078550338745117,5.877471754111438e-39
7603,901,12.082352638244629,49,98,False,False,12.078550338745117,5.877471754111438e-39
7652,902,12.082352638244629,49,98,False,False,12.078566551208496,5.877471754111438e-39
7701,902,12.082352638244629,49,98,False,False,12.078566551208496,5.877471754111438e-39
7746,902,12.082352638244629,49,98,False,False,12.077658653259277,5.877471754111438e-39
7795,902,12.082352638244629,49,98,False,False,12.077658653259277,5.877471754111438e-39
7844,903,12.082352638244629,49,98,False,False,12.077908515930176,5.877471754111438e-39
7889,902,12.082352638244629,49,98,False,False,12.077908515930176,5.877471754111438e-39
7939,902,12.082352638244629,49,98,False,False,12.078425407409668,5.877471754111438e-39
7988,902,12.082352638244629,49,98,False,False,12.078425407409668,5.877471754111438e-39
8037,902,12.082352638244629,49,98,False,False,12.079347610473633,5.877471754111438e-39
8082,902,12.082352638244629,49,98,False,False,12.079347610473633,5.877471754111438e-39
8131,902,12.082352638244629,49,98,False,False,12.077889442443848,5.877471754111438e-39
8180,902,12.082352638244629,49,98,False,False,12.077889442443848,5.877471754111438e-39
8225,913,12.082352638244629,49,98,False,False,12.088521003723145,1.1799230575561523
8274,902,12.082352638244629,49,98,False,False,12.088521003723145,1.1799230575561523
8324,902,12.082352638244629,49,98,False,False,12.078786849975586,5.877471754111438e-39
8373,902,12.082352638244629,49,98,False,False,12.078786849975586,5.877471754111438e-39
8418,899,12.082352638244629,49,98,False,False,12.077564239501953,5.877471754111438e-39
8467,901,12.082352638244629,49,98,False,False,12.077564239501953,5.877471754111438e-39
8516,902,12.082352638244629,49,98,False,False,12.077993392944336,5.877471754111438e-39
8565,902,12.082352638244629,49,98,False,False,12.077993392944336,5.877471754111438e-39
8610,902,12.082352638244629,49,98,False,False,12.077993392944336,5.877471754111438e-39
8660,902,12.082352638244629,49,98,False,False,12.07859992980957,5.877471754111438e-39
8709,902,12.082352638244629,49,98,False,False,12.07859992980957,5.877471754111438e-39
8754,902,12.082352638244629,49,98,False,False,12.07851791381836,5.877471754111438e-39
8803,902,12.082352638244629,49,98,False,False,12.07851791381836,5.877471754111438e-39
8852,902,12.082352638244629,49,98,False,False,12.078449249267578,5.877471754111438e-39
8901,902,12.082352638244629,49,98,False,False,12.078449249267578,5.877471754111438e-39
8946,903,12.082352638244629,49,98,False,False,12.07919979095459,5.877471754111438e-39
8995,902,12.082352638244629,49,98,False,False,12.07919979095459,5.877471754111438e-39
9044,902,12.082352638244629,49,98,False,False,12.078283309936523,5.877471754111438e-39
9090,883,12.082352638244629,49,98,False,False,12.078283309936523,5.877471754111438e-39
9139,903,12.082352638244629,49,98,False,False,12.078836441040039,5.877471754111438e-39
9188,902,12.082352638244629,49,98,False,False,12.078836441040039,5.877471754111438e-39
9237,903,12.082352638244629,49,98,False,False,12.081058502197266,5.289488570985753e+22
9282,903,12.082352638244629,49,98,False,False,12.081058502197266,5.289488570985753e+22
9331,903,12.082352638244629,49,98,False,False,12.081058502197266,5.289488570985753e+22
9380,902,12.082352638244629,49,98,False,False,12.081058502197266,5.289488570985753e+22
9425,903,12.082352638244629,49,98,False,False,12.079505920410156,5.877471754111438e-39
9475,903,12.082352638244629,49,98,False,False,12.079505920410156,5.877471754111438e-39
9524,904,12.082352638244629,49,98,False,False,12.08202838897705,5.877471754111438e-39
9573,904,12.082352638244629,49,98,False,False,12.08202838897705,5.877471754111438e-39
9618,904,12.082352638244629,49,98,False,False,12.08202838897705,5.877471754111438e-39
9667,903,12.082352638244629,49,98,False,False,12.078262329101562,5.877471754111438e-39
9716,903,12.082352638244629,49,98,False,False,12.078262329101562,5.877471754111438e-39
9761,903,12.082352638244629,49,98,False,False,12.0783052444458,5.877471754111438e-39
9811,903,12.082352638244629,49,98,False,False,12.0783052444458,5.877471754111438e-39
9864,904,12.082352638244629,49,98,False,False,12.080230712890625,5.877471754111438e-39
9909,904,12.082352638244629,49,98,False,False,12.080230712890625,5.877471754111438e-39
9954,904,12.082352638244629,49,98,False,False,12.080199241638184,5.877471754111438e-39
10003,904,12.082352638244629,49,98,False,False,12.080199241638184,5.877471754111438e-39
10052,904,12.082352638244629,49,98,False,False,12.081396102905273,5.877471754111438e-39
10101,904,12.082352638244629,49,98,False,False,12.081396102905273,5.877471754111438e-39
10146,904,12.082352638244629,49,98,False,False,12.082120895385742,5.877471754111438e-39
10195,904,12.082352638244629,49,98,False,False,12.082120895385742,5.877471754111438e-39
10245,903,12.082352638244629,49,98,False,False,12.081353187561035,5.877471754111438e-39
10290,904,12.082352638244629,49,98,False,False,12.081353187561035,5.877471754111438e-39
10339,904,12.082352638244629,49,98,False,False,12.078871726989746,5.877471754111438e-39
10388,904,12.082352638244629,49,98,False,False,12.078871726989746,5.877471754111438e-39
10437,904,12.082352638244629,49,98,False,False,12.081153869628906,5.877471754111438e-39
10482,904,12.082352638244629,49,98,False,False,12.081153869628906,5.877471754111438e-39
10531,904,12.082352638244629,49,98,False,False,12.089278221130371,0.3071548640727997
10580,902,12.082352638244629,49,98,False,False,12.089278221130371,0.3071548640727997
10626,904,12.082352638244629,49,98,False,False,12.089278221130371,0.3071548640727997
10675,903,12.082352638244629,49,98,False,False,12.073012351989746,5.877471754111438e-39
10724,904,12.082352638244629,49,98,False,False,12.073012351989746,5.877471754111438e-39
10773,904,12.082352638244629,49,98,False,False,12.079012870788574,5.877471754111438e-39
10818,904,12.082352638244629,49,98,False,False,12.079012870788574,5.877471754111438e-39
10867,904,12.082352638244629,49,98,False,False,12.078470230102539,5.877471754111438e-39
10916,904,12.082352638244629,49,98,False,False,12.078470230102539,5.877471754111438e-39
10961,904,12.082352638244629,49,98,False,False,12.078885078430176,5.877471754111438e-39
11011,904,12.082352638244629,49,98,False,False,12.078885078430176,5.877471754111438e-39
11060,904,12.082352638244629,49,98,False,False,12.08708381652832,0.9972518086433411
11109,904,12.082352638244629,49,98,False,False,12.08708381652832,0.9972518086433411
11154,904,12.082352638244629,49,98,False,False,12.078372955322266,5.877471754111438e-39
11203,904,12.082352638244629,49,98,False,False,12.078372955322266,5.877471754111438e-39
11252,904,12.082352638244629,49,98,False,False,12.078920364379883,5.877471754111438e-39
11297,907,12.082352638244629,49,98,False,False,12.078920364379883,5.877471754111438e-39
11346,904,12.082352638244629,49,98,False,False,12.079201698303223,5.877471754111438e-39
11396,904,12.082352638244629,49,98,False,False,12.079201698303223,5.877471754111438e-39
11445,904,12.082352638244629,49,98,False,False,12.079133033752441,5.877471754111438e-39
11490,904,12.082352638244629,49,98,False,False,12.079133033752441,5.877471754111438e-39
11539,904,12.082352638244629,49,98,False,False,12.07956314086914,5.877471754111438e-39
11588,904,12.082352638244629,49,98,False,False,12.07956314086914,5.877471754111438e-39
11637,904,12.082352638244629,49,98,False,False,12.07844352722168,5.877471754111438e-39
11682,904,12.082352638244629,49,98,False,False,12.07844352722168,5.877471754111438e-39
11732,904,12.082352638244629,49,98,False,False,12.07844352722168,5.877471754111438e-39
11781,904,12.082352638244629,49,98,False,False,12.07823371887207,5.877471754111438e-39
11826,904,12.082352638244629,49,98,False,False,12.07823371887207,5.877471754111438e-39
11875,904,12.082352638244629,49,98,False,False,12.092973709106445,1.651863694190979
11924,904,12.082352638244629,49,98,False,False,12.092973709106445,1.651863694190979
11973,904,12.082352638244629,49,98,False,False,12.078392028808594,5.877471754111438e-39
12018,913,12.082352638244629,49,98,False,False,12.078392028808594,5.877471754111438e-39
12067,904,12.082352638244629,49,98,False,False,12.078826904296875,5.877471754111438e-39
12116,902,12.082352638244629,49,98,False,False,12.078826904296875,5.877471754111438e-39
12162,904,12.082352638244629,49,98,False,False,12.078798294067383,5.877471754111438e-39
12211,904,12.082352638244629,49,98,False,False,12.078798294067383,5.877471754111438e-39
12260,904,12.082352638244629,49,98,False,False,12.07870101928711,5.877471754111438e-39
12309,904,12.082352638244629,49,98,False,False,12.07870101928711,5.877471754111438e-39
12354,904,12.082352638244629,49,98,False,False,12.077791213989258,5.877471754111438e-39
12411,904,12.082352638244629,49,98,False,False,12.077791213989258,5.877471754111438e-39
12452,904,12.082352638244629,49,98,False,False,12.078292846679688,5.877471754111438e-39
12501,904,12.082352638244629,49,98,False,False,12.078292846679688,5.877471754111438e-39
12547,904,12.082352638244629,49,98,False,False,12.078675270080566,5.877471754111438e-39
12596,901,12.082352638244629,49,98,False,False,12.078675270080566,5.877471754111438e-39
12645,904,12.082352638244629,49,98,False,False,12.093117713928223,1.6700353622436523
12690,904,12.082352638244629,49,98,False,False,12.093117713928223,1.6700353622436523
12739,904,12.082352638244629,49,98,False,False,12.078007698059082,5.877471754111438e-39
12788,904,12.082352638244629,49,98,False,False,12.078007698059082,5.877471754111438e-39
12837,904,12.082352638244629,49,98,False,False,12.078385353088379,5.877471754111438e-39
12883,904,12.082352638244629,49,98,False,False,12.078385353088379,5.877471754111438e-39
12932,904,12.082352638244629,49,98,False,False,12.078385353088379,5.877471754111438e-39
12981,904,12.082352638244629,49,98,False,False,12.078393936157227,5.877471754111438e-39
13026,904,12.082352638244629,49,98,False,False,12.078393936157227,5.877471754111438e-39
13075,904,12.082352638244629,49,98,False,False,12.07859992980957,5.877471754111438e-39
13124,904,12.082352638244629,49,98,False,False,12.07859992980957,5.877471754111438e-39
13173,904,12.082352638244629,49,98,False,False,12.078474998474121,5.877471754111438e-39
13218,904,12.082352638244629,49,98,False,False,12.078474998474121,5.877471754111438e-39
13267,904,12.082352638244629,49,98,False,False,12.078326225280762,5.877471754111438e-39
13317,904,12.082352638244629,49,98,False,False,12.078326225280762,5.877471754111438e-39
13362,904,12.082352638244629,49,98,False,False,12.08004379272461,5.877471754111438e-39
13411,904,12.082352638244629,49,98,False,False,12.08004379272461,5.877471754111438e-39
13460,904,12.082352638244629,49,98,False,False,12.078393936157227,5.877471754111438e-39
13509,904,12.082352638244629,49,98,False,False,12.078393936157227,5.877471754111438e-39
13554,904,12.082352638244629,49,98,False,False,12.079243659973145,5.877471754111438e-39
13603,904,12.082352638244629,49,98,False,False,12.079243659973145,5.877471754111438e-39
13652,905,12.082352638244629,49,98,False,False,12.07752799987793,5.877471754111438e-39
13697,904,12.082352638244629,49,98,False,False,12.07752799987793,5.877471754111438e-39
13747,904,12.082352638244629,49,98,False,False,12.081674575805664,5.877471754111438e-39
13796,904,12.082352638244629,49,98,False,False,12.081674575805664,5.877471754111438e-39
13845,904,12.082352638244629,49,98,False,False,12.081249237060547,5.877471754111438e-39
13890,904,12.082352638244629,49,98,False,False,12.081249237060547,5.877471754111438e-39
13939,904,12.082352638244629,49,98,False,False,12.081249237060547,5.877471754111438e-39
13988,904,12.082352638244629,49,98,False,False,12.080105781555176,5.877471754111438e-39
14033,904,12.082352638244629,49,98,False,False,12.080105781555176,5.877471754111438e-39
14082,904,12.082352638244629,49,98,False,False,12.080105781555176,5.877471754111438e-39
14132,904,12.082352638244629,49,98,False,False,12.080105781555176,5.877471754111438e-39
14180,891,12.082352638244629,49,98,False,False,12.07823371887207,5.877471754111438e-39
14226,900,12.082352638244629,49,98,False,False,12.07823371887207,5.877471754111438e-39
14275,905,12.082352638244629,49,98,False,False,12.077681541442871,5.877471754111438e-39
14324,902,12.082352638244629,49,98,False,False,12.077681541442871,5.877471754111438e-39
14369,904,12.082352638244629,49,98,False,False,12.079116821289062,-1.0636905431747437
14418,905,12.082352638244629,49,98,False,False,12.079116821289062,-1.0636905431747437
14468,904,12.082352638244629,49,98,False,False,12.081722259521484,5.877471754111438e-39
14517,904,12.082352638244629,49,98,False,False,12.081722259521484,5.877471754111438e-39
14562,904,12.082352638244629,49,98,False,False,12.078644752502441,5.877471754111438e-39
14611,904,12.082352638244629,49,98,False,False,12.078644752502441,5.877471754111438e-39
14660,904,12.082352638244629,49,98,False,False,12.080442428588867,5.877471754111438e-39
14705,904,12.082352638244629,49,98,False,False,12.080442428588867,5.877471754111438e-39
14754,904,12.082352638244629,49,98,False,False,12.081537246704102,5.877471754111438e-39
14803,904,12.082352638244629,49,98,False,False,12.081537246704102,5.877471754111438e-39
14853,904,12.082352638244629,49,98,False,False,12.078153610229492,5.877471754111438e-39
14898,905,12.082352638244629,49,98,False,False,12.078153610229492,5.877471754111438e-39
14956,906,12.082352638244629,49,98,False,False,12.079352378845215,5.877471754111438e-39
14996,904,12.082352638244629,49,98,False,False,12.079352378845215,5.877471754111438e-39
15045,904,12.082352638244629,49,98,False,False,12.079352378845215,5.877471754111438e-39
15090,905,12.082352638244629,49,98,False,False,12.071911811828613,5.877471754111438e-39
15139,904,12.082352638244629,49,98,False,False,12.071911811828613,5.877471754111438e-39
15188,904,12.082352638244629,49,98,False,False,12.078783988952637,5.877471754111438e-39
15234,904,12.082352638244629,49,98,False,False,12.078783988952637,5.877471754111438e-39
15283,905,12.082352638244629,49,98,False,False,12.079907417297363,5.877471754111438e-39
15332,904,12.082352638244629,49,98,False,False,12.079907417297363,5.877471754111438e-39
15381,904,12.082352638244629,49,98,False,False,12.077998161315918,5.877471754111438e-39
15426,905,12.082352638244629,49,98,False,False,12.077998161315918,5.877471754111438e-39
15475,904,12.082352638244629,49,98,False,False,12.079440116882324,5.877471754111438e-39
15524,904,12.082352638244629,49,98,False,False,12.079440116882324,5.877471754111438e-39
15569,904,12.082352638244629,49,98,False,False,12.078697204589844,5.877471754111438e-39
15619,905,12.082352638244629,49,98,False,False,12.078697204589844,5.877471754111438e-39
15668,904,12.082352638244629,49,98,False,False,12.089737892150879,1.303071141242981
15717,905,12.082352638244629,49,98,False,False,12.089737892150879,1.303071141242981
15762,905,12.082352638244629,49,98,False,False,12.079821586608887,5.877471754111438e-39
15811,905,12.082352638244629,49,98,False,False,12.079821586608887,5.877471754111438e-39
15860,905,12.082352638244629,49,98,False,False,12.079078674316406,5.877471754111438e-39
15909,905,12.082352638244629,49,98,False,False,12.079078674316406,5.877471754111438e-39
15954,905,12.082352638244629,49,98,False,False,12.07988166809082,5.877471754111438e-39
16003,905,12.082352638244629,49,98,False,False,12.07988166809082,5.877471754111438e-39
16053,905,12.082352638244629,49,98,False,False,12.07988166809082,5.877471754111438e-39
16098,905,12.082352638244629,49,98,False,False,12.078956604003906,5.877471754111438e-39
16147,905,12.082352638244629,49,98,False,False,12.078956604003906,5.877471754111438e-39
16196,905,12.082352638244629,49,98,False,False,12.075798988342285,5.877471754111438e-39
16245,904,12.082352638244629,49,98,False,False,12.075798988342285,5.877471754111438e-39
16290,905,12.082352638244629,49,98,False,False,12.078781127929688,5.877471754111438e-39
16339,905,12.082352638244629,49,98,False,False,12.078781127929688,5.877471754111438e-39
16389,905,12.082352638244629,49,98,False,False,12.078627586364746,5.877471754111438e-39
16434,905,12.082352638244629,49,98,False,False,12.078627586364746,5.877471754111438e-39
16483,905,12.082352638244629,49,98,False,False,12.078481674194336,5.877471754111438e-39
16532,905,12.082352638244629,49,98,False,False,12.078481674194336,5.877471754111438e-39
16581,905,12.082352638244629,49,98,False,False,12.079133033752441,5.877471754111438e-39
16626,905,12.082352638244629,49,98,False,False,12.079133033752441,5.877471754111438e-39
16675,905,12.082352638244629,49,98,False,False,12.079298973083496,5.877471754111438e-39
16724,905,12.082352638244629,49,98,False,False,12.079298973083496,5.877471754111438e-39
16769,905,12.082352638244629,49,98,False,False,12.079107284545898,5.877471754111438e-39
16819,905,12.082352638244629,49,98,False,False,12.079107284545898,5.877471754111438e-39
16868,905,12.082352638244629,49,98,False,False,12.07913589477539,5.877471754111438e-39
16917,905,12.082352638244629,49,98,False,False,12.07913589477539,5.877471754111438e-39
16962,905,12.082352638244629,49,98,False,False,12.079577445983887,5.877471754111438e-39
17011,905,12.082352638244629,49,98,False,False,12.079577445983887,5.877471754111438e-39
17060,905,12.082352638244629,49,98,False,False,12.078908920288086,5.877471754111438e-39
17105,905,12.082352638244629,49,98,False,False,12.078908920288086,5.877471754111438e-39
17154,905,12.082352638244629,49,98,False,False,12.078908920288086,5.877471754111438e-39
17204,904,12.082352638244629,49,98,False,False,12.078782081604004,5.877471754111438e-39
17253,905,12.082352638244629,49,98,False,False,12.078782081604004,5.877471754111438e-39
17298,905,12.082352638244629,49,98,False,False,12.094200134277344,1.7307987213134766
17347,893,12.082352638244629,49,98,False,False,12.094200134277344,1.7307987213134766
17396,911,12.082352638244629,49,98,False,False,12.079208374023438,5.877471754111438e-39
17441,905,12.082352638244629,49,98,False,False,12.079208374023438,5.877471754111438e-39
17500,905,12.082352638244629,49,98,False,False,12.079364776611328,5.877471754111438e-39
17539,905,12.082352638244629,49,98,False,False,12.079364776611328,5.877471754111438e-39
17589,905,12.082352638244629,49,98,False,False,12.079294204711914,5.877471754111438e-39
17634,905,12.082352638244629,49,98,False,False,12.079294204711914,5.877471754111438e-39
17683,905,12.082352638244629,49,98,False,False,12.080280303955078,5.877471754111438e-39
17732,905,12.082352638244629,49,98,False,False,12.080280303955078,5.877471754111438e-39
17781,905,12.082352638244629,49,98,False,False,12.079130172729492,5.877471754111438e-39
17826,905,12.082352638244629,49,98,False,False,12.079130172729492,5.877471754111438e-39
17875,905,12.082352638244629,49,98,False,False,12.079360008239746,5.877471754111438e-39
17924,905,12.082352638244629,49,98,False,False,12.079360008239746,5.877471754111438e-39
17970,905,12.082352638244629,49,98,False,False,12.079267501831055,5.877471754111438e-39
18019,905,12.082352638244629,49,98,False,False,12.079267501831055,5.877471754111438e-39
18068,904,12.082352638244629,49,98,False,False,12.081794738769531,5.877471754111438e-39
18117,905,12.082352638244629,49,98,False,False,12.081794738769531,5.877471754111438e-39
18162,905,12.082352638244629,49,98,False,False,12.081794738769531,5.877471754111438e-39
18211,905,12.082352638244629,49,98,False,False,12.065778732299805,-0.08523070067167282
18260,905,12.082352638244629,49,98,False,False,12.065778732299805,-0.08523070067167282
18305,905,12.082352638244629,49,98,False,False,12.081820487976074,5.877471754111438e-39
18355,905,12.082352638244629,49,98,False,False,12.081820487976074,5.877471754111438e-39
18404,905,12.082352638244629,49,98,False,False,12.081103324890137,5.877471754111438e-39
18453,905,12.082352638244629,49,98,False,False,12.081103324890137,5.877471754111438e-39
18498,905,12.082352638244629,49,98,False,False,12.081442832946777,5.877471754111438e-39
18549,905,12.082352638244629,49,98,False,False,12.081442832946777,5.877471754111438e-39
18596,905,12.082352638244629,49,98,False,False,12.080652236938477,5.877471754111438e-39
18645,892,12.082352638244629,49,98,False,False,12.080652236938477,5.877471754111438e-39
18690,913,12.082352638244629,49,98,False,False,12.070954322814941,-1.065932273864746
18740,905,12.082352638244629,49,98,False,False,12.070954322814941,-1.065932273864746
18789,905,12.082352638244629,49,98,False,False,12.082040786743164,5.877471754111438e-39
18834,905,12.082352638244629,49,98,False,False,12.082040786743164,5.877471754111438e-39
18883,905,12.082352638244629,49,98,False,False,12.080551147460938,5.877471754111438e-39
18932,906,12.082352638244629,49,98,False,False,12.080551147460938,5.877471754111438e-39
18981,905,12.082352638244629,49,98,False,False,12.080551147460938,5.877471754111438e-39
19026,905,12.082352638244629,49,98,False,False,12.080551147460938,5.877471754111438e-39
19076,905,12.082352638244629,49,98,False,False,12.079718589782715,5.877471754111438e-39
19125,905,12.082352638244629,49,98,False,False,12.079718589782715,5.877471754111438e-39
19170,905,12.082352638244629,49,98,False,False,12.079718589782715,5.877471754111438e-39
19219,905,12.082352638244629,49,98,False,False,12.078482627868652,5.877471754111438e-39
19268,905,12.082352638244629,49,98,False,False,12.078482627868652,5.877471754111438e-39
19317,904,12.082352638244629,49,98,False,False,12.078482627868652,5.877471754111438e-39
19362,905,12.082352638244629,49,98,False,False,12.078482627868652,5.877471754111438e-39
19411,905,12.082352638244629,49,98,False,False,12.079144477844238,5.877471754111438e-39
19460,907,12.082352638244629,49,98,False,False,12.079144477844238,5.877471754111438e-39
19506,903,12.082352638244629,49,98,False,False,12.078661918640137,5.877471754111438e-39
19555,905,12.082352638244629,49,98,False,False,12.078661918640137,5.877471754111438e-39
19604,905,12.082352638244629,49,98,False,False,12.078661918640137,5.877471754111438e-39
19653,905,12.082352638244629,49,98,False,False,12.078661918640137,5.877471754111438e-39
19698,904,12.082352638244629,49,98,False,False,12.078264236450195,5.877471754111438e-39
19747,905,12.082352638244629,49,98,False,False,12.078264236450195,5.877471754111438e-39
19796,905,12.082352638244629,49,98,False,False,12.078987121582031,5.877471754111438e-39
19841,905,12.082352638244629,49,98,False,False,12.078987121582031,5.877471754111438e-39
19890,905,12.082352638244629,49,98,False,False,12.079347610473633,5.877471754111438e-39
19940,905,12.082352638244629,49,98,False,False,12.079347610473633,5.877471754111438e-39
19989,905,12.082352638244629,49,98,False,False,12.078385353088379,5.877471754111438e-39
20044,906,12.082352638244629,49,98,False,False,12.078385353088379,5.877471754111438e-39
20083,906,12.082352638244629,49,98,False,False,12.077479362487793,5.877471754111438e-39
20132,905,12.082352638244629,49,98,False,False,12.077479362487793,5.877471754111438e-39
20181,905,12.082352638244629,49,98,False,False,12.07919979095459,5.877471754111438e-39
20227,905,12.082352638244629,49,98,False,False,12.07919979095459,5.877471754111438e-39
20275,905,12.082352638244629,49,98,False,False,12.07919979095459,5.877471754111438e-39
20325,906,12.082352638244629,49,98,False,False,12.081117630004883,5.877471754111438e-39
20370,905,12.082352638244629,49,98,False,False,12.081117630004883,5.877471754111438e-39
20419,905,12.082352638244629,49,98,False,False,12.079270362854004,5.877471754111438e-39
20468,905,12.082352638244629,49,98,False,False,12.079270362854004,5.877471754111438e-39
20517,905,12.082352638244629,49,98,False,False,12.078843116760254,5.877471754111438e-39
20562,905,12.082352638244629,49,98,False,False,12.078843116760254,5.877471754111438e-39
20612,905,12.082352638244629,49,98,False,False,12.077731132507324,5.877471754111438e-39
20661,905,12.082352638244629,49,98,False,False,12.077731132507324,5.877471754111438e-39
20706,905,12.082352638244629,49,98,False,False,12.078856468200684,5.877471754111438e-39
20755,905,12.082352638244629,49,98,False,False,12.078856468200684,5.877471754111438e-39
20804,905,12.082352638244629,49,98,False,False,12.080029487609863,5.877471754111438e-39
20853,914,12.082352638244629,49,98,False,False,12.080029487609863,5.877471754111438e-39
20898,905,12.082352638244629,49,98,False,False,12.078423500061035,5.877471754111438e-39
20947,918,12.082352638244629,49,98,False,False,12.078423500061035,5.877471754111438e-39
20996,905,12.082352638244629,49,98,False,False,12.079024314880371,5.877471754111438e-39
21042,906,12.082352638244629,49,98,False,False,12.079024314880371,5.877471754111438e-39
21091,904,12.082352638244629,49,98,False,False,12.079147338867188,5.877471754111438e-39
21140,905,12.082352638244629,49,98,False,False,12.079147338867188,5.877471754111438e-39
21189,905,12.082352638244629,49,98,False,False,12.079536437988281,5.877471754111438e-39
21234,905,12.082352638244629,49,98,False,False,12.079536437988281,5.877471754111438e-39
21283,905,12.082352638244629,49,98,False,False,12.078782081604004,5.877471754111438e-39
21332,905,12.082352638244629,49,98,False,False,12.078782081604004,5.877471754111438e-39
21377,905,12.082352638244629,49,98,False,False,12.078782081604004,5.877471754111438e-39
21427,905,12.082352638244629,49,98,False,False,12.078803062438965,5.877471754111438e-39
21476,905,12.082352638244629,49,98,False,False,12.078803062438965,5.877471754111438e-39
21525,905,12.082352638244629,49,98,False,False,12.079050064086914,5.877471754111438e-39
21570,905,12.082352638244629,49,98,False,False,12.079050064086914,5.877471754111438e-39
21619,905,12.082352638244629,49,98,False,False,12.07821273803711,5.877471754111438e-39
21668,905,12.082352638244629,49,98,False,False,12.07821273803711,5.877471754111438e-39
21713,905,12.082352638244629,49,98,False,False,12.078363418579102,5.877471754111438e-39
21762,905,12.082352638244629,49,98,False,False,12.078363418579102,5.877471754111438e-39
21812,905,12.082352638244629,49,98,False,False,12.077521324157715,5.877471754111438e-39
21861,905,12.082352638244629,49,98,False,False,12.077521324157715,5.877471754111438e-39
21906,906,12.082352638244629,49,98,False,False,12.088295936584473,1.1212106943130493
21955,905,12.082352638244629,49,98,False,False,12.088295936584473,1.1212106943130493
22004,905,12.082352638244629,49,98,False,False,12.079206466674805,5.877471754111438e-39
22053,905,12.082352638244629,49,98,False,False,12.079206466674805,5.877471754111438e-39
22098,906,12.082352638244629,49,98,False,False,12.079428672790527,5.877471754111438e-39
22148,905,12.082352638244629,49,98,False,False,12.079428672790527,5.877471754111438e-39
22197,905,12.082352638244629,49,98,False,False,12.079201698303223,5.877471754111438e-39
22242,905,12.082352638244629,49,98,False,False,12.079201698303223,5.877471754111438e-39
22291,905,12.082352638244629,49,98,False,False,12.078479766845703,5.877471754111438e-39
22340,905,12.082352638244629,49,98,False,False,12.078479766845703,5.877471754111438e-39
22389,905,12.082352638244629,49,98,False,False,12.07979679107666,5.877471754111438e-39
22434,905,12.082352638244629,49,98,False,False,12.07979679107666,5.877471754111438e-39
22483,905,12.082352638244629,49,98,False,False,12.07979679107666,5.877471754111438e-39
22532,905,12.082352638244629,49,98,False,False,12.069958686828613,-1.2102091312408447
22587,905,12.082352638244629,49,98,False,False,12.069958686828613,-1.2102091312408447
22627,905,12.082352638244629,49,98,False,False,12.08104419708252,5.877471754111438e-39
22676,905,12.082352638244629,49,98,False,False,12.08104419708252,5.877471754111438e-39
22725,905,12.082352638244629,49,98,False,False,12.081153869628906,5.877471754111438e-39
22770,905,12.082352638244629,49,98,False,False,12.081153869628906,5.877471754111438e-39
22819,905,12.082352638244629,49,98,False,False,12.08100700378418,5.877471754111438e-39
22868,905,12.082352638244629,49,98,False,False,12.08100700378418,5.877471754111438e-39
22918,905,12.082352638244629,49,98,False,False,12.080775260925293,5.877471754111438e-39
22963,905,12.082352638244629,49,98,False,False,12.080775260925293,5.877471754111438e-39
23012,905,12.082352638244629,49,98,False,False,12.081911087036133,5.877471754111438e-39
23061,905,12.082352638244629,49,98,False,False,12.081911087036133,5.877471754111438e-39
23106,905,12.082352638244629,49,98,False,False,12.081122398376465,5.877471754111438e-39
23155,894,12.082352638244629,49,98,False,False,12.081122398376465,5.877471754111438e-39
23204,913,12.082352638244629,49,98,False,False,12.082268714904785,5.877471754111438e-39
23253,905,12.082352638244629,49,98,False,False,12.082268714904785,5.877471754111438e-39
23298,905,12.082352638244629,49,98,False,False,12.08130168914795,5.877471754111438e-39
23348,905,12.082352638244629,49,98,False,False,12.08130168914795,5.877471754111438e-39
23397,905,12.082352638244629,49,98,False,False,12.079408645629883,5.877471754111438e-39
23442,905,12.082352638244629,49,98,False,False,12.079408645629883,5.877471754111438e-39
23491,904,12.082352638244629,49,98,False,False,12.079408645629883,5.877471754111438e-39
23540,905,12.082352638244629,49,98,False,False,12.081274032592773,5.877471754111438e-39
23589,905,12.082352638244629,49,98,False,False,12.081274032592773,5.877471754111438e-39
23634,905,12.082352638244629,49,98,False,False,12.081274032592773,5.877471754111438e-39
23684,905,12.082352638244629,49,98,False,False,12.081274032592773,5.877471754111438e-39
23733,905,12.082352638244629,49,98,False,False,12.07985782623291,5.877471754111438e-39
23778,905,12.082352638244629,49,98,False,False,12.07985782623291,5.877471754111438e-39
23827,905,12.082352638244629,49,98,False,False,12.078703880310059,5.877471754111438e-39
23876,905,12.082352638244629,49,98,False,False,12.078703880310059,5.877471754111438e-39
23925,905,12.082352638244629,49,98,False,False,12.06649398803711,0.9783645868301392
23970,923,12.082352638244629,49,98,False,False,12.06649398803711,0.9783645868301392
24020,906,12.082352638244629,49,98,False,False,12.078880310058594,5.877471754111438e-39
24068,906,12.082352638244629,49,98,False,False,12.078880310058594,5.877471754111438e-39
24113,906,12.082352638244629,49,98,False,False,12.093570709228516,5.877471754111438e-39
24163,906,12.082352638244629,49,98,False,False,12.093570709228516,5.877471754111438e-39
24212,906,12.082352638244629,49,98,False,False,12.078304290771484,5.877471754111438e-39
24261,906,12.082352638244629,49,98,False,False,12.078304290771484,5.877471754111438e-39
24306,906,12.082352638244629,49,98,False,False,12.078873634338379,5.877471754111438e-39
24355,907,12.082352638244629,49,98,False,False,12.078873634338379,5.877471754111438e-39
24404,906,12.082352638244629,49,98,False,False,12.088558197021484,1.1535954475402832
24449,906,12.082352638244629,49,98,False,False,12.088558197021484,1.1535954475402832
24499,906,12.082352638244629,49,98,False,False,12.088558197021484,1.1535954475402832
24547,906,12.082352638244629,49,98,False,False,12.078956604003906,5.877471754111438e-39
24597,906,12.082352638244629,49,98,False,False,12.078956604003906,5.877471754111438e-39
24642,906,12.082352638244629,49,98,False,False,12.078920364379883,5.877471754111438e-39
24691,906,12.082352638244629,49,98,False,False,12.078920364379883,5.877471754111438e-39
24740,906,12.082352638244629,49,98,False,False,12.079270362854004,5.877471754111438e-39
24785,895,12.082352638244629,49,98,False,False,12.079270362854004,5.877471754111438e-39
24834,894,12.082352638244629,49,98,False,False,12.079279899597168,5.877471754111438e-39
24883,910,12.082352638244629,49,98,False,False,12.079279899597168,5.877471754111438e-39
24933,906,12.082352638244629,49,98,False,False,12.089278221130371,1.2413063049316406
24978,907,12.082352638244629,49,98,False,False,12.089278221130371,1.2413063049316406
25027,905,12.082352638244629,49,98,False,False,12.07900619506836,5.877471754111438e-39
25076,906,12.082352638244629,49,98,False,False,12.07900619506836,5.877471754111438e-39
25131,905,12.082352638244629,49,98,False,False,12.079062461853027,5.877471754111438e-39
25170,906,12.082352638244629,49,98,False,False,12.079062461853027,5.877471754111438e-39
25220,906,12.082352638244629,49,98,False,False,12.07856273651123,5.877471754111438e-39
25269,906,12.082352638244629,49,98,False,False,12.07856273651123,5.877471754111438e-39
25314,906,12.082352638244629,49,98,False,False,12.077610969543457,5.877471754111438e-39
25363,892,12.082352638244629,49,98,False,False,12.077610969543457,5.877471754111438e-39
25412,906,12.082352638244629,49,98,False,False,12.075296401977539,5.877471754111438e-39
25461,908,12.082352638244629,49,98,False,False,12.075296401977539,5.877471754111438e-39
25506,907,12.082352638244629,49,98,False,False,12.079319953918457,5.877471754111438e-39
25555,907,12.082352638244629,49,98,False,False,12.079319953918457,5.877471754111438e-39
25604,906,12.082352638244629,49,98,False,False,12.079319953918457,5.877471754111438e-39
25649,905,12.082352638244629,49,98,False,False,12.078974723815918,5.877471754111438e-39
25699,906,12.082352638244629,49,98,False,False,12.078974723815918,5.877471754111438e-39
25748,906,12.082352638244629,49,98,False,False,12.078383445739746,5.877471754111438e-39
25797,906,12.082352638244629,49,98,False,False,12.078383445739746,5.877471754111438e-39
25842,906,12.082352638244629,49,98,False,False,12.079523086547852,5.877471754111438e-39
25891,906,12.082352638244629,49,98,False,False,12.079523086547852,5.877471754111438e-39
25940,906,12.082352638244629,49,98,False,False,12.078330993652344,5.877471754111438e-39
25989,906,12.082352638244629,49,98,False,False,12.078330993652344,5.877471754111438e-39
26034,906,12.082352638244629,49,98,False,False,12.079133033752441,5.877471754111438e-39
26084,906,12.082352638244629,49,98,False,False,12.079133033752441,5.877471754111438e-39
26133,906,12.082352638244629,49,98,False,False,12.078743934631348,5.877471754111438e-39
26178,904,12.082352638244629,49,98,False,False,12.078743934631348,5.877471754111438e-39
26227,906,12.082352638244629,49,98,False,False,12.078788757324219,5.877471754111438e-39
26276,894,12.082352638244629,49,98,False,False,12.078788757324219,5.877471754111438e-39
26325,906,12.082352638244629,49,98,False,False,12.0790433883667,5.877471754111438e-39
26370,906,12.082352638244629,49,98,False,False,12.0790433883667,5.877471754111438e-39
26420,906,12.082352638244629,49,98,False,False,12.079150199890137,5.877471754111438e-39
26469,906,12.082352638244629,49,98,False,False,12.079150199890137,5.877471754111438e-39
26514,906,12.082352638244629,49,98,False,False,12.079179763793945,5.877471754111438e-39
26563,906,12.082352638244629,49,98,False,False,12.079179763793945,5.877471754111438e-39
26612,906,12.082352638244629,49,98,False,False,12.078620910644531,5.877471754111438e-39
26661,906,12.082352638244629,49,98,False,False,12.078620910644531,5.877471754111438e-39
26706,905,12.082352638244629,49,98,False,False,12.078620910644531,5.877471754111438e-39
26756,906,12.082352638244629,49,98,False,False,12.078607559204102,5.877471754111438e-39
26805,906,12.082352638244629,49,98,False,False,12.078607559204102,5.877471754111438e-39
26850,906,12.082352638244629,49,98,False,False,12.077993392944336,5.877471754111438e-39
26899,906,12.082352638244629,49,98,False,False,12.077993392944336,5.877471754111438e-39
26948,906,12.082352638244629,49,98,False,False,12.078441619873047,5.877471754111438e-39
26997,906,12.082352638244629,49,98,False,False,12.078441619873047,5.877471754111438e-39
27042,901,12.082352638244629,49,98,False,False,12.08137035369873,5.877471754111438e-39
27091,906,12.082352638244629,49,98,False,False,12.08137035369873,5.877471754111438e-39
27140,912,12.082352638244629,49,98,False,False,12.06973648071289,-1.1481581926345825
27186,906,12.082352638244629,49,98,False,False,12.06973648071289,-1.1481581926345825
27235,906,12.082352638244629,49,98,False,False,12.08057689666748,5.877471754111438e-39
27284,906,12.082352638244629,49,98,False,False,12.08057689666748,5.877471754111438e-39
27333,906,12.082352638244629,49,98,False,False,12.082189559936523,5.877471754111438e-39
27378,906,12.082352638244629,49,98,False,False,12.082189559936523,5.877471754111438e-39
27427,907,12.082352638244629,49,98,False,False,12.066072463989258,-1.5904802083969116
27476,907,12.082352638244629,49,98,False,False,12.066072463989258,-1.5904802083969116
27521,906,12.082352638244629,49,98,False,False,12.082097053527832,5.877471754111438e-39
27570,906,12.082352638244629,49,98,False,False,12.082097053527832,5.877471754111438e-39
27620,906,12.082352638244629,49,98,False,False,12.06931209564209,-1.2392076253890991
27674,905,12.082352638244629,49,98,False,False,12.06931209564209,-1.2392076253890991
27714,906,12.082352638244629,49,98,False,False,12.06931209564209,-1.2392076253890991
27763,906,12.082352638244629,49,98,False,False,12.081562042236328,5.877471754111438e-39
27812,909,12.082352638244629,49,98,False,False,12.081562042236328,5.877471754111438e-39
27861,906,12.082352638244629,49,98,False,False,12.08128547668457,5.877471754111438e-39
27906,906,12.082352638244629,49,98,False,False,12.08128547668457,5.877471754111438e-39
27956,906,12.082352638244629,49,98,False,False,12.070295333862305,5.877471754111438e-39
28005,906,12.082352638244629,49,98,False,False,12.070295333862305,5.877471754111438e-39
28050,906,12.082352638244629,49,98,False,False,12.082052230834961,5.877471754111438e-39
28099,906,12.082352638244629,49,98,False,False,12.082052230834961,5.877471754111438e-39
28148,906,12.082352638244629,49,98,False,False,12.078468322753906,5.877471754111438e-39
28197,906,12.082352638244629,49,98,False,False,12.078468322753906,5.877471754111438e-39
28242,906,12.082352638244629,49,98,False,False,12.068780899047852,-0.9169334769248962
28292,906,12.082352638244629,49,98,False,False,12.068780899047852,-0.9169334769248962
28341,906,12.082352638244629,49,98,False,False,12.077306747436523,5.877471754111438e-39
28386,906,12.082352638244629,49,98,False,False,12.077306747436523,5.877471754111438e-39
28435,906,12.082352638244629,49,98,False,False,12.079547882080078,5.877471754111438e-39
28484,906,12.082352638244629,49,98,False,False,12.079547882080078,5.877471754111438e-39
28533,906,12.082352638244629,49,98,False,False,12.079547882080078,5.877471754111438e-39
28578,906,12.082352638244629,49,98,False,False,12.079547882080078,5.877471754111438e-39
28627,906,12.082352638244629,49,98,False,False,12.078697204589844,5.877471754111438e-39
28676,904,12.082352638244629,49,98,False,False,12.078697204589844,5.877471754111438e-39
28721,906,12.082352638244629,49,98,False,False,12.078697204589844,5.877471754111438e-39
28770,906,12.082352638244629,49,98,False,False,12.07879638671875,5.877471754111438e-39
28820,905,12.082352638244629,49,98,False,False,12.07879638671875,5.877471754111438e-39
28869,906,12.082352638244629,49,98,False,False,12.077936172485352,5.877471754111438e-39
28914,907,12.082352638244629,49,98,False,False,12.077936172485352,5.877471754111438e-39
28963,907,12.082352638244629,49,98,False,False,12.077868461608887,5.877471754111438e-39
29012,906,12.082352638244629,49,98,False,False,12.077868461608887,5.877471754111438e-39
29057,906,12.082352638244629,49,98,False,False,12.080044746398926,5.877471754111438e-39
29107,906,12.082352638244629,49,98,False,False,12.080044746398926,5.877471754111438e-39
29156,907,12.082352638244629,49,98,False,False,12.078521728515625,5.877471754111438e-39
29205,907,12.082352638244629,49,98,False,False,12.078521728515625,5.877471754111438e-39
29250,906,12.082352638244629,49,98,False,False,12.078125,5.877471754111438e-39
29299,907,12.082352638244629,49,98,False,False,12.078125,5.877471754111438e-39
29348,907,12.082352638244629,49,98,False,False,12.078104019165039,5.877471754111438e-39
29397,906,12.082352638244629,49,98,False,False,12.078104019165039,5.877471754111438e-39
29442,897,12.082352638244629,49,98,False,False,12.078387260437012,5.877471754111438e-39
29492,903,12.082352638244629,49,98,False,False,12.078387260437012,5.877471754111438e-39
29541,907,12.082352638244629,49,98,False,False,12.079607963562012,5.877471754111438e-39
29586,907,12.082352638244629,49,98,False,False,12.079607963562012,5.877471754111438e-39
29635,906,12.082352638244629,49,98,False,False,12.078084945678711,5.877471754111438e-39
29684,906,12.082352638244629,49,98,False,False,12.078084945678711,5.877471754111438e-39
29733,906,12.082352638244629,49,98,False,False,12.078557968139648,5.877471754111438e-39
29778,907,12.082352638244629,49,98,False,False,12.078557968139648,5.877471754111438e-39
29827,906,12.082352638244629,49,98,False,False,12.078557968139648,5.877471754111438e-39
29877,906,12.082352638244629,49,98,False,False,12.08818244934082,1.1212583780288696
29922,907,12.082352638244629,49,98,False,False,12.08818244934082,1.1212583780288696
29971,907,12.082352638244629,49,98,False,False,12.078264236450195,5.877471754111438e-39
30020,907,12.082352638244629,49,98,False,False,12.078264236450195,5.877471754111438e-39
30069,906,12.082352638244629,49,98,False,False,12.078354835510254,5.877471754111438e-39
30114,907,12.082352638244629,49,98,False,False,12.078354835510254,5.877471754111438e-39
30163,906,12.082352638244629,49,98,False,False,12.077519416809082,5.877471754111438e-39
30217,906,12.082352638244629,49,98,False,False,12.077519416809082,5.877471754111438e-39
30262,907,12.082352638244629,49,98,False,False,12.077985763549805,5.877471754111438e-39
30307,907,12.082352638244629,49,98,False,False,12.077985763549805,5.877471754111438e-39
30356,906,12.082352638244629,49,98,False,False,12.078271865844727,5.877471754111438e-39
30405,907,12.082352638244629,49,98,False,False,12.078271865844727,5.877471754111438e-39
30450,907,12.082352638244629,49,98,False,True,12.078254699707031,5.877471754111438e-39
30499,907,12.082352638244629,49,98,False,True,12.078254699707031,5.877471754111438e-39
30548,907,12.082352638244629,49,98,False,False,12.077223777770996,5.877471754111438e-39
30597,907,12.082352638244629,49,98,False,False,12.077223777770996,5.877471754111438e-39
30642,907,12.082352638244629,49,98,False,False,12.078585624694824,5.877471754111438e-39
30691,907,12.082352638244629,49,98,False,False,12.078585624694824,5.877471754111438e-39
30741,907,12.082352638244629,49,98,False,False,12.077627182006836,5.877471754111438e-39
30786,907,12.082352638244629,49,98,False,False,12.077627182006836,5.877471754111438e-39
30835,894,12.082352638244629,49,98,False,False,12.078476905822754,5.877471754111438e-39
30884,908,12.082352638244629,49,98,False,False,12.078476905822754,5.877471754111438e-39
30933,907,12.082352638244629,49,98,False,False,12.078476905822754,5.877471754111438e-39
30979,907,12.082352638244629,49,98,False,False,12.093942642211914,1.7164902687072754
31028,907,12.082352638244629,49,98,False,False,12.093942642211914,1.7164902687072754
31076,907,12.082352638244629,49,98,False,False,12.07951831817627,5.877471754111438e-39
31122,907,12.082352638244629,49,98,False,False,12.07951831817627,5.877471754111438e-39
31171,907,12.082352638244629,49,98,False,False,12.079174041748047,5.877471754111438e-39
31220,907,12.082352638244629,49,98,False,False,12.079174041748047,5.877471754111438e-39
31269,907,12.082352638244629,49,98,False,False,12.078742027282715,5.877471754111438e-39
31314,907,12.082352638244629,49,98,False,False,12.078742027282715,5.877471754111438e-39
31363,907,12.082352638244629,49,98,False,False,12.078782081604004,5.877471754111438e-39
31413,907,12.082352638244629,49,98,False,False,12.078782081604004,5.877471754111438e-39
31458,907,12.082352638244629,49,98,False,False,12.082132339477539,5.877471754111438e-39
31507,907,12.082352638244629,49,98,False,False,12.082132339477539,5.877471754111438e-39
31556,907,12.082352638244629,49,98,False,False,12.070749282836914,-0.9978240132331848
31605,906,12.082352638244629,49,98,False,False,12.070749282836914,-0.9978240132331848
31650,907,12.082352638244629,49,98,False,False,12.081072807312012,5.877471754111438e-39
31699,907,12.082352638244629,49,98,False,False,12.081072807312012,5.877471754111438e-39
31748,906,12.082352638244629,49,98,False,False,12.080263137817383,5.877471754111438e-39
31794,907,12.082352638244629,49,98,False,False,12.080263137817383,5.877471754111438e-39
31843,906,12.082352638244629,49,98,False,False,12.081991195678711,5.877471754111438e-39
31892,906,12.082352638244629,49,98,False,False,12.081991195678711,5.877471754111438e-39
31941,906,12.082352638244629,49,98,False,False,12.079421043395996,5.877471754111438e-39
31986,906,12.082352638244629,49,98,False,False,12.079421043395996,5.877471754111438e-39
32035,906,12.082352638244629,49,98,False,False,12.079421043395996,5.877471754111438e-39
32084,906,12.082352638244629,49,98,False,False,12.071761131286621,-0.8991910219192505
32129,906,12.082352638244629,49,98,False,False,12.071761131286621,-0.8991910219192505
32178,907,12.082352638244629,49,98,False,False,12.081388473510742,5.877471754111438e-39
32228,906,12.082352638244629,49,98,False,False,12.081388473510742,5.877471754111438e-39
32277,906,12.082352638244629,49,98,False,False,12.081549644470215,5.877471754111438e-39
32322,906,12.082352638244629,49,98,False,False,12.081549644470215,5.877471754111438e-39
32371,906,12.082352638244629,49,98,False,False,12.08147144317627,5.877471754111438e-39
32420,906,12.082352638244629,49,98,False,False,12.08147144317627,5.877471754111438e-39
32465,907,12.082352638244629,49,98,False,False,12.078847885131836,5.877471754111438e-39
32514,900,12.082352638244629,49,98,False,False,12.078847885131836,5.877471754111438e-39
32563,906,12.082352638244629,49,98,False,False,12.078547477722168,5.877471754111438e-39
32613,906,12.082352638244629,49,98,False,False,12.078547477722168,5.877471754111438e-39
32658,907,12.082352638244629,49,98,False,False,12.067798614501953,-0.9731180667877197
32707,906,12.082352638244629,49,98,False,False,12.067798614501953,-0.9731180667877197
32762,906,12.082352638244629,49,98,False,False,12.078055381774902,5.877471754111438e-39
32805,906,12.082352638244629,49,98,False,False,12.078055381774902,5.877471754111438e-39
32850,907,12.082352638244629,49,98,False,False,12.079689979553223,5.877471754111438e-39
32899,906,12.082352638244629,49,98,False,False,12.079689979553223,5.877471754111438e-39
32948,907,12.082352638244629,49,98,False,False,12.079421043395996,5.877471754111438e-39
32994,905,12.082352638244629,49,98,False,False,12.079421043395996,5.877471754111438e-39
33043,906,12.082352638244629,49,98,False,False,12.079421043395996,5.877471754111438e-39
33092,906,12.082352638244629,49,98,False,False,12.078890800476074,5.877471754111438e-39
33141,906,12.082352638244629,49,98,False,False,12.078890800476074,5.877471754111438e-39
33186,906,12.082352638244629,49,98,False,False,12.079154014587402,5.877471754111438e-39
33235,906,12.082352638244629,49,98,False,False,12.079154014587402,5.877471754111438e-39
33284,906,12.082352638244629,49,98,False,False,12.077929496765137,5.877471754111438e-39
33330,906,12.082352638244629,49,98,False,False,12.077929496765137,5.877471754111438e-39
33379,905,12.082352638244629,49,98,False,False,12.093768119812012,5.2895858487377044e+22
33428,906,12.082352638244629,49,98,False,False,12.093768119812012,5.2895858487377044e+22
33477,906,12.082352638244629,49,98,False,False,12.093768119812012,5.2895858487377044e+22
33522,906,12.082352638244629,49,98,False,False,12.093768119812012,5.2895858487377044e+22
33571,906,12.082352638244629,49,98,False,False,12.079144477844238,5.877471754111438e-39
33620,906,12.082352638244629,49,98,False,False,12.079144477844238,5.877471754111438e-39
33669,906,12.082352638244629,49,98,False,False,12.078628540039062,5.877471754111438e-39
33714,906,12.082352638244629,49,98,False,False,12.078628540039062,5.877471754111438e-39
33764,906,12.082352638244629,49,98,False,False,12.079097747802734,5.877471754111438e-39
33813,907,12.082352638244629,49,98,False,False,12.079097747802734,5.877471754111438e-39
33858,906,12.082352638244629,49,98,False,False,12.078661918640137,5.877471754111438e-39
33907,907,12.082352638244629,49,98,False,False,12.078661918640137,5.877471754111438e-39
33956,906,12.082352638244629,49,98,False,False,12.078243255615234,5.877471754111438e-39
34005,906,12.082352638244629,49,98,False,False,12.078243255615234,5.877471754111438e-39
34050,906,12.082352638244629,49,98,False,False,12.078243255615234,5.877471754111438e-39
34100,909,12.082352638244629,49,98,False,False,12.07891845703125,5.877471754111438e-39
34149,905,12.082352638244629,49,98,False,False,12.07891845703125,5.877471754111438e-39
34194,908,12.082352638244629,49,98,False,False,12.078963279724121,5.877471754111438e-39
34243,907,12.082352638244629,49,98,False,False,12.078963279724121,5.877471754111438e-39
34292,907,12.082352638244629,49,98,False,False,12.07800579071045,5.877471754111438e-39
34341,907,12.082352638244629,49,98,False,False,12.07800579071045,5.877471754111438e-39
34386,907,12.082352638244629,49,98,False,False,12.07840633392334,5.877471754111438e-39
34435,907,12.082352638244629,49,98,False,False,12.07840633392334,5.877471754111438e-39
34484,907,12.082352638244629,49,98,False,False,12.07864761352539,5.877471754111438e-39
34530,907,12.082352638244629,49,98,False,False,12.07864761352539,5.877471754111438e-39
34579,907,12.082352638244629,49,98,False,False,12.078841209411621,5.877471754111438e-39
34628,906,12.082352638244629,49,98,False,False,12.078841209411621,5.877471754111438e-39
34677,906,12.082352638244629,49,98,False,False,12.078401565551758,5.877471754111438e-39
34722,906,12.082352638244629,49,98,False,False,12.078401565551758,5.877471754111438e-39
34771,901,12.082352638244629,49,98,False,False,12.088900566101074,1.1580787897109985
34820,906,12.082352638244629,49,98,False,False,12.088900566101074,1.1580787897109985
34865,906,12.082352638244629,49,98,False,False,12.079339027404785,5.877471754111438e-39
34915,907,12.082352638244629,49,98,False,False,12.079339027404785,5.877471754111438e-39
34964,906,12.082352638244629,49,98,False,False,12.078801155090332,5.877471754111438e-39
35013,906,12.082352638244629,49,98,False,False,12.078801155090332,5.877471754111438e-39
35058,906,12.082352638244629,49,98,False,False,12.078373908996582,5.877471754111438e-39
35107,906,12.082352638244629,49,98,False,False,12.078373908996582,5.877471754111438e-39
35156,906,12.082352638244629,49,98,False,False,12.078373908996582,5.877471754111438e-39
35201,906,12.082352638244629,49,98,False,False,12.079413414001465,5.877471754111438e-39
35250,906,12.082352638244629,49,98,False,False,12.079413414001465,5.877471754111438e-39
35305,907,12.082352638244629,49,98,False,False,12.078343391418457,5.877471754111438e-39
35349,906,12.082352638244629,49,98,False,False,12.078343391418457,5.877471754111438e-39
35394,906,12.082352638244629,49,98,False,False,12.077831268310547,5.877471754111438e-39
35443,906,12.082352638244629,49,98,False,False,12.077831268310547,5.877471754111438e-39
35492,906,12.082352638244629,49,98,False,False,12.079465866088867,5.877471754111438e-39
35541,905,12.082352638244629,49,98,False,False,12.079465866088867,5.877471754111438e-39
35586,906,19.0,49,0,False,False,12.078845977783203,5.877471754111438e-39
35636,905,19.0,49,0,False,False,12.078845977783203,5.877471754111438e-39
35685,905,19.0,49,0,False,False,12.079144477844238,5.877471754111438e-39
35730,0,19.0,49,0,False,False,12.079144477844238,5.877471754111438e-39
35779,0,19.0,49,0,False,False,12.082448959350586,5.877471754111438e-39
35828,0,19.0,49,0,False,False,12.082448959350586,5.877471754111438e-39
35873,0,19.0,49,0,False,False,12.200423240661621,4.567450046539307
35922,0,19.0,49,0,False,False,12.200423240661621,4.567450046539307
35967,0,19.0,49,0,False,False,12.865423202514648,4.659834861755371
36016,0,19.0,49,0,False,False,12.865423202514648,4.659834861755371
36061,0,19.0,49,0,False,False,13.535687446594238,5.757007598876953
36111,0,19.0,49,0,False,False,13.535687446594238,5.757007598876953
36160,0,19.0,49,0,False,False,13.535687446594238,5.757007598876953
36205,0,19.0,49,0,False,False,14.21358585357666,7.602941989898682
36254,0,19.0,49,0,False,False,14.21358585357666,7.602941989898682
36299,0,19.0,49,0,False,False,15.577691078186035,19.068117141723633
36348,0,19.0,49,0,False,False,15.577691078186035,19.068117141723633
36393,0,19.0,49,0,False,False,16.625019073486328,6.450014114379883
36443,0,19.0,49,0,False,False,16.625019073486328,6.450014114379883
36491,0,19.0,49,0,False,False,17.307584762573242,7.89826774597168
36537,0,19.0,49,0,False,False,17.307584762573242,7.89826774597168
36586,0,19.0,49,0,False,False,17.951793670654297,6.734274864196777
36631,0,19.0,49,0,False,False,17.951793670654297,6.734274864196777
36680,0,19.0,49,0,False,False,18.623289108276367,8.62632942199707
36725,0,19.0,49,0,False,False,18.623289108276367,8.62632942199707
36774,0,19.0,49,0,False,False,18.988046646118164,5.877471754111438e-39
36823,0,19.0,49,0,False,False,18.988046646118164,5.877471754111438e-39
36868,0,19.0,49,0,False,False,18.994770050048828,5.877471754111438e-39
36918,2,19.0,49,0,False,False,18.994770050048828,5.877471754111438e-39
36963,0,19.0,49,0,False,False,18.994770050048828,5.877471754111438e-39
37012,0,19.0,49,0,False,False,18.995012283325195,5.877471754111438e-39
37057,0,19.0,49,0,False,False,18.995012283325195,5.877471754111438e-39
37106,0,19.0,49,0,False,False,18.995481491088867,5.877471754111438e-39
37155,0,19.0,49,0,False,False,18.995481491088867,5.877471754111438e-39
37200,0,19.0,49,0,False,False,18.995452880859375,5.877471754111438e-39
37249,0,19.0,49,0,False,False,18.995452880859375,5.877471754111438e-39
37294,3,19.0,49,0,False,False,18.997346878051758,5.877471754111438e-39
37344,0,19.0,49,0,False,False,18.997346878051758,5.877471754111438e-39
37388,0,19.0,49,0,False,False,18.99514389038086,5.877471754111438e-39
37438,0,19.0,49,0,False,False,18.99514389038086,5.877471754111438e-39
37487,0,19.0,49,0,False,False,18.996057510375977,5.877471754111438e-39
37532,0,19.0,49,0,False,False,18.996057510375977,5.877471754111438e-39
37581,0,19.0,49,0,False,False,18.996305465698242,5.877471754111438e-39
37626,0,19.0,49,0,False,False,18.996305465698242,5.877471754111438e-39
37675,0,19.0,49,0,False,False,18.99603843688965,5.877471754111438e-39
37720,0,19.0,49,0,False,False,18.99603843688965,5.877471754111438e-39
37769,0,19.0,49,0,False,False,18.99603843688965,5.877471754111438e-39
37824,0,19.0,49,0,False,False,18.99631118774414,5.877471754111438e-39
37864,0,19.0,49,0,False,False,18.99631118774414,5.877471754111438e-39
37913,0,19.0,49,0,False,False,18.995744705200195,5.877471754111438e-39
37958,0,19.0,49,0,False,False,18.995744705200195,5.877471754111438e-39
38007,0,19.0,49,0,False,False,18.995586395263672,8.172952459766881e+20
38056,0,19.0,49,0,False,False,18.995586395263672,8.172952459766881e+20
38101,0,19.0,49,0,False,False,18.995586395263672,8.172952459766881e+20
38150,1,19.0,49,0,False,False,18.995586395263672,8.172952459766881e+20
38195,0,19.0,49,0,False,False,18.997848510742188,5.877471754111438e-39
38245,0,19.0,49,0,False,False,18.997848510742188,5.877471754111438e-39
38290,0,19.0,49,0,False,False,18.998268127441406,5.877471754111438e-39
38339,0,19.0,49,0,False,False,18.998268127441406,5.877471754111438e-39
38388,0,19.0,49,0,False,False,18.998863220214844,5.877471754111438e-39
38433,0,19.0,49,0,False,False,18.998863220214844,5.877471754111438e-39
38482,0,19.0,49,0,False,False,18.998239517211914,5.877471754111438e-39
38527,0,19.0,49,0,False,False,18.998239517211914,5.877471754111438e-39
38576,0,19.0,49,0,False,False,18.99861717224121,5.877471754111438e-39
38621,0,19.0,49,0,False,False,18.99861717224121,5.877471754111438e-39
38671,0,19.0,49,0,False,False,18.99861717224121,5.877471754111438e-39
38720,0,19.0,49,0,False,False,18.997594833374023,5.877471754111438e-39
38765,0,19.0,49,0,False,False,18.997594833374023,5.877471754111438e-39
38814,0,19.0,49,0,False,False,18.998262405395508,5.877471754111438e-39
38859,0,19.0,49,0,False,False,18.998262405395508,5.877471754111438e-39
38908,0,19.0,49,0,False,False,18.99775505065918,5.877471754111438e-39
38953,0,19.0,49,0,False,False,18.99775505065918,5.877471754111438e-39
39002,4,19.0,49,0,False,False,18.99740982055664,5.877471754111438e-39
39051,0,19.0,49,0,False,False,18.99740982055664,5.877471754111438e-39
39097,0,19.0,49,0,False,False,18.998523712158203,5.877471754111438e-39
39146,0,19.0,49,0,False,False,18.998523712158203,5.877471754111438e-39
39191,0,19.0,49,0,False,False,18.99856948852539,5.877471754111438e-39
39240,0,19.0,49,0,False,False,18.99856948852539,5.877471754111438e-39
39285,0,19.0,49,0,False,False,18.997831344604492,5.877471754111438e-39
39334,0,19.0,49,0,False,False,18.997831344604492,5.877471754111438e-39
39383,0,19.0,49,0,False,False,18.998504638671875,5.877471754111438e-39
39428,0,19.0,49,0,False,False,18.998504638671875,5.877471754111438e-39
39478,0,19.0,49,0,False,False,18.998504638671875,5.877471754111438e-39
39523,0,19.0,49,0,False,False,18.99863052368164,5.877471754111438e-39
39572,6,19.0,49,0,False,False,18.99863052368164,5.877471754111438e-39
39617,0,19.0,49,0,False,False,18.997861862182617,5.877471754111438e-39
39666,0,19.0,49,0,False,False,18.997861862182617,5.877471754111438e-39
39715,0,19.0,49,0,False,False,18.996898651123047,5.877471754111438e-39
39760,0,19.0,49,0,False,False,18.996898651123047,5.877471754111438e-39
39809,0,19.0,49,0,False,False,18.997779846191406,5.877471754111438e-39
39854,0,19.0,49,0,False,False,18.997779846191406,5.877471754111438e-39
39903,0,19.0,49,0,False,False,18.998506546020508,5.877471754111438e-39
39949,0,19.0,49,0,False,False,18.998506546020508,5.877471754111438e-39
39998,0,19.0,49,0,False,False,18.997983932495117,5.877471754111438e-39
40047,0,19.0,49,0,False,False,18.997983932495117,5.877471754111438e-39
40092,0,19.0,49,0,False,False,18.99888801574707,5.877471754111438e-39
40141,0,19.0,49,0,False,False,18.99888801574707,5.877471754111438e-39
40186,0,19.0,49,0,False,False,18.997894287109375,5.877471754111438e-39
40235,0,19.0,49,0,False,False,18.997894287109375,5.877471754111438e-39
40284,0,19.0,49,0,False,False,18.99779510498047,5.877471754111438e-39
40336,0,19.0,49,0,False,False,18.99779510498047,5.877471754111438e-39
40379,1,19.0,49,0,False,False,18.99779510498047,5.877471754111438e-39
40424,0,19.0,49,0,False,False,18.99846076965332,5.877471754111438e-39
40473,0,19.0,49,0,False,False,18.99846076965332,5.877471754111438e-39
40518,0,19.0,49,0,False,False,18.99834632873535,5.877471754111438e-39
40567,0,19.0,49,0,False,False,18.99834632873535,5.877471754111438e-39
40616,0,19.0,49,0,False,False,18.99846076965332,5.877471754111438e-39
40661,0,19.0,49,0,False,False,18.99846076965332,5.877471754111438e-39
40710,0,19.0,49,0,False,False,18.9982852935791,5.877471754111438e-39
40755,0,19.0,49,0,False,False,18.9982852935791,5.877471754111438e-39
40805,0,19.0,49,0,False,False,18.998620986938477,5.877471754111438e-39
40850,0,19.0,49,0,False,False,18.998620986938477,5.877471754111438e-39
40899,0,19.0,49,0,False,False,18.99825668334961,5.877471754111438e-39
40948,0,19.0,49,0,False,False,18.99825668334961,5.877471754111438e-39
40993,0,19.0,49,0,False,False,18.998760223388672,5.877471754111438e-39
41042,0,19.0,49,0,False,False,18.998760223388672,5.877471754111438e-39
41087,0,19.0,49,0,False,False,18.99803352355957,5.877471754111438e-39
41136,0,19.0,49,0,False,False,18.99803352355957,5.877471754111438e-39
41181,2,19.0,49,0,False,False,18.99803352355957,5.877471754111438e-39
